,Date,Asset,Region,Plant,Temperature,Vibration,HealthScore
0,2024-01-01,Compressor,South,PlantA,79.23,3.0,0.73
1,2024-01-01,Pump,South,PlantA,76.18,3.86,0.76
2,2024-01-01,Conveyor,West,PlantA,70.92,3.68,0.38
3,2024-01-01,Boiler,North,PlantB,99.03,2.89,0.02
4,2024-01-01,Generator,East,PlantC,74.66,1.21,0.37
5,2024-01-02,Compressor,North,PlantA,76.48,2.1,0.68
6,2024-01-02,Pump,East,PlantC,70.16,2.8,0.26
7,2024-01-02,Conveyor,North,PlantB,81.62,3.68,0.53
8,2024-01-02,Boiler,North,PlantC,95.96,3.69,0.52
9,2024-01-02,Generator,North,PlantC,84.55,0.61,0.92
10,2024-01-03,Compressor,South,PlantB,78.81,3.48,0.34
11,2024-01-03,Pump,South,PlantB,92.1,0.47,0.94
12,2024-01-03,Conveyor,East,PlantA,92.63,0.88,0.35
13,2024-01-03,Boiler,East,PlantA,97.23,3.1,0.46
14,2024-01-03,Generator,East,PlantC,71.33,4.62,0.33
15,2024-01-04,Compressor,South,PlantA,70.53,2.33,0.62
16,2024-01-04,Pump,South,PlantC,87.13,3.24,0.53
17,2024-01-04,Conveyor,North,PlantA,77.67,2.54,0.82
18,2024-01-04,Boiler,West,PlantA,77.81,0.72,0.71
19,2024-01-04,Generator,East,PlantB,68.52,1.5,0.14
20,2024-01-05,Compressor,South,PlantA,90.15,0.86,0.58
21,2024-01-05,Pump,South,PlantC,88.1,3.01,0.94
22,2024-01-05,Conveyor,South,PlantB,88.61,4.39,0.66
23,2024-01-05,Boiler,West,PlantC,73.73,1.19,0.04
24,2024-01-05,Generator,North,PlantA,73.86,2.93,0.11
25,2024-01-06,Compressor,West,PlantA,85.34,3.93,0.13
26,2024-01-06,Pump,South,PlantC,61.88,2.56,0.85
27,2024-01-06,Conveyor,West,PlantB,80.01,1.4,0.71
28,2024-01-06,Boiler,West,PlantA,68.62,3.63,0.94
29,2024-01-06,Generator,South,PlantB,62.96,4.23,0.3
30,2024-01-07,Compressor,North,PlantC,72.2,0.59,0.07
31,2024-01-07,Pump,South,PlantA,78.03,3.83,0.32
32,2024-01-07,Conveyor,East,PlantA,85.23,1.15,0.9
33,2024-01-07,Boiler,North,PlantC,60.59,3.06,0.28
34,2024-01-07,Generator,South,PlantA,91.44,1.53,0.5
35,2024-01-08,Compressor,North,PlantB,92.81,4.83,0.18
36,2024-01-08,Pump,South,PlantA,66.33,0.43,0.12
37,2024-01-08,Conveyor,East,PlantC,83.21,4.49,0.24
38,2024-01-08,Boiler,South,PlantC,99.35,3.5,0.61
39,2024-01-08,Generator,South,PlantC,61.71,0.69,0.76
40,2024-01-09,Compressor,West,PlantA,86.51,0.23,0.69
41,2024-01-09,Pump,South,PlantA,92.43,4.37,0.05
42,2024-01-09,Conveyor,East,PlantB,70.16,3.95,0.17
43,2024-01-09,Boiler,West,PlantB,63.64,2.15,0.81
44,2024-01-09,Generator,East,PlantA,80.45,0.21,0.76
45,2024-01-10,Compressor,West,PlantB,80.78,3.27,0.87
46,2024-01-10,Pump,South,PlantA,93.21,2.32,0.4
47,2024-01-10,Conveyor,North,PlantA,74.32,4.75,0.68
48,2024-01-10,Boiler,East,PlantB,82.54,2.82,0.72
49,2024-01-10,Generator,East,PlantB,91.34,4.59,0.22
50,2024-01-11,Compressor,East,PlantB,95.76,3.56,0.27
51,2024-01-11,Pump,East,PlantB,69.73,1.29,0.75
52,2024-01-11,Conveyor,South,PlantB,72.24,3.76,0.64
53,2024-01-11,Boiler,South,PlantB,64.69,4.62,0.9
54,2024-01-11,Generator,South,PlantB,92.93,4.49,0.49
55,2024-01-12,Compressor,West,PlantA,67.66,0.54,0.13
56,2024-01-12,Pump,South,PlantB,96.93,3.82,0.28
57,2024-01-12,Conveyor,East,PlantC,79.04,3.02,0.29
58,2024-01-12,Boiler,North,PlantC,68.82,1.31,0.2
59,2024-01-12,Generator,West,PlantB,84.79,3.99,0.55
60,2024-01-13,Compressor,North,PlantB,95.29,4.31,0.26
61,2024-01-13,Pump,North,PlantC,77.16,2.92,0.57
62,2024-01-13,Conveyor,East,PlantC,96.7,1.01,0.41
63,2024-01-13,Boiler,South,PlantC,85.03,2.16,0.7
64,2024-01-13,Generator,South,PlantB,91.97,2.42,0.88
65,2024-01-14,Compressor,South,PlantA,72.18,4.45,0.34
66,2024-01-14,Pump,South,PlantA,60.75,2.01,0.31
67,2024-01-14,Conveyor,West,PlantA,76.58,2.28,0.56
68,2024-01-14,Boiler,North,PlantA,87.0,4.83,0.02
69,2024-01-14,Generator,West,PlantA,89.3,1.97,0.07
70,2024-01-15,Compressor,East,PlantB,75.72,1.75,0.6
71,2024-01-15,Pump,South,PlantB,64.6,1.75,0.81
72,2024-01-15,Conveyor,South,PlantB,94.17,3.56,0.35
73,2024-01-15,Boiler,North,PlantC,96.95,1.04,0.92
74,2024-01-15,Generator,South,PlantB,94.23,4.2,0.23
75,2024-01-16,Compressor,North,PlantC,68.15,0.45,0.79
76,2024-01-16,Pump,South,PlantB,63.03,1.04,0.76
77,2024-01-16,Conveyor,North,PlantA,76.09,4.79,0.85
78,2024-01-16,Boiler,North,PlantA,67.73,0.73,0.62
79,2024-01-16,Generator,North,PlantA,91.04,4.2,0.54
80,2024-01-17,Compressor,East,PlantC,99.09,3.17,0.19
81,2024-01-17,Pump,West,PlantA,83.89,0.72,0.6
82,2024-01-17,Conveyor,West,PlantA,90.0,4.33,0.45
83,2024-01-17,Boiler,East,PlantB,98.06,1.93,0.39
84,2024-01-17,Generator,West,PlantC,84.35,1.11,0.51
85,2024-01-18,Compressor,South,PlantC,80.26,4.77,0.96
86,2024-01-18,Pump,South,PlantC,79.74,1.65,0.93
87,2024-01-18,Conveyor,North,PlantC,90.73,4.54,0.22
88,2024-01-18,Boiler,West,PlantB,93.59,4.12,0.17
89,2024-01-18,Generator,North,PlantA,78.18,4.53,0.36
90,2024-01-19,Compressor,South,PlantB,87.91,3.35,0.7
91,2024-01-19,Pump,East,PlantB,68.02,3.19,0.19
92,2024-01-19,Conveyor,South,PlantA,83.18,3.55,0.71
93,2024-01-19,Boiler,West,PlantA,74.83,3.74,0.56
94,2024-01-19,Generator,East,PlantC,85.96,0.24,0.76
95,2024-01-20,Compressor,East,PlantA,90.21,1.04,0.2
96,2024-01-20,Pump,West,PlantB,90.29,2.77,0.28
97,2024-01-20,Conveyor,East,PlantB,89.21,0.29,0.4
98,2024-01-20,Boiler,East,PlantB,82.9,2.45,0.12
99,2024-01-20,Generator,East,PlantC,96.85,4.59,0.31
100,2024-01-21,Compressor,West,PlantA,96.11,4.16,1.0
101,2024-01-21,Pump,West,PlantB,61.17,1.51,0.61
102,2024-01-21,Conveyor,South,PlantB,73.08,1.84,1.0
103,2024-01-21,Boiler,South,PlantB,69.87,3.12,0.61
104,2024-01-21,Generator,East,PlantB,68.98,0.97,0.42
105,2024-01-22,Compressor,East,PlantC,86.59,2.56,0.05
106,2024-01-22,Pump,East,PlantA,90.73,3.87,0.11
107,2024-01-22,Conveyor,North,PlantA,77.97,4.96,0.79
108,2024-01-22,Boiler,South,PlantA,86.75,0.41,0.53
109,2024-01-22,Generator,East,PlantC,99.84,4.83,0.51
110,2024-01-23,Compressor,North,PlantB,76.78,3.71,0.96
111,2024-01-23,Pump,West,PlantB,97.11,3.71,0.55
112,2024-01-23,Conveyor,North,PlantC,65.79,3.3,0.68
113,2024-01-23,Boiler,East,PlantA,64.11,1.47,0.88
114,2024-01-23,Generator,South,PlantA,77.92,2.55,0.94
115,2024-01-24,Compressor,West,PlantA,73.89,0.85,0.63
116,2024-01-24,Pump,East,PlantC,71.9,5.0,0.81
117,2024-01-24,Conveyor,North,PlantA,81.06,0.37,0.34
118,2024-01-24,Boiler,North,PlantC,60.95,1.27,0.19
119,2024-01-24,Generator,East,PlantC,93.62,3.13,0.86
120,2024-01-25,Compressor,South,PlantB,94.53,1.58,0.75
121,2024-01-25,Pump,West,PlantA,72.22,3.96,0.91
122,2024-01-25,Conveyor,East,PlantB,95.96,1.35,0.78
123,2024-01-25,Boiler,West,PlantC,99.62,2.86,0.05
124,2024-01-25,Generator,South,PlantA,98.73,3.01,0.7
125,2024-01-26,Compressor,North,PlantA,99.59,1.09,0.96
126,2024-01-26,Pump,South,PlantC,80.46,3.32,0.94
127,2024-01-26,Conveyor,North,PlantA,97.95,0.45,0.5
128,2024-01-26,Boiler,East,PlantB,75.07,3.03,0.19
129,2024-01-26,Generator,West,PlantC,68.92,4.35,0.24
130,2024-01-27,Compressor,West,PlantC,68.25,3.47,0.87
131,2024-01-27,Pump,West,PlantC,91.36,2.26,0.86
132,2024-01-27,Conveyor,East,PlantB,76.11,4.34,0.76
133,2024-01-27,Boiler,East,PlantC,83.57,4.46,0.71
134,2024-01-27,Generator,West,PlantC,69.54,0.16,0.48
135,2024-01-28,Compressor,West,PlantA,80.2,0.46,0.22
136,2024-01-28,Pump,North,PlantB,70.66,2.7,0.47
137,2024-01-28,Conveyor,South,PlantB,69.97,1.95,0.98
138,2024-01-28,Boiler,West,PlantC,89.05,1.88,0.72
139,2024-01-28,Generator,North,PlantC,72.88,3.85,0.93
140,2024-01-29,Compressor,North,PlantB,87.45,3.5,0.24
141,2024-01-29,Pump,West,PlantA,86.57,4.61,0.02
142,2024-01-29,Conveyor,South,PlantC,66.33,4.46,0.47
143,2024-01-29,Boiler,South,PlantA,76.67,1.26,0.12
144,2024-01-29,Generator,East,PlantC,94.51,1.35,0.28
145,2024-01-30,Compressor,East,PlantB,66.27,4.58,0.25
146,2024-01-30,Pump,East,PlantA,99.82,1.73,0.52
147,2024-01-30,Conveyor,South,PlantB,96.03,4.8,0.77
148,2024-01-30,Boiler,West,PlantB,79.06,2.21,0.43
149,2024-01-30,Generator,West,PlantB,88.7,3.73,0.39
150,2024-01-31,Compressor,East,PlantA,96.26,0.92,0.44
151,2024-01-31,Pump,North,PlantB,71.12,1.43,0.89
152,2024-01-31,Conveyor,North,PlantC,87.27,0.13,0.14
153,2024-01-31,Boiler,East,PlantC,76.85,0.68,0.84
154,2024-01-31,Generator,North,PlantA,80.75,1.23,0.47
155,2024-02-01,Compressor,West,PlantB,77.0,3.86,0.64
156,2024-02-01,Pump,North,PlantA,75.01,0.18,0.62
157,2024-02-01,Conveyor,West,PlantA,72.21,1.46,0.53
158,2024-02-01,Boiler,West,PlantB,77.42,4.58,0.27
159,2024-02-01,Generator,West,PlantA,60.63,4.54,0.99
160,2024-02-02,Compressor,North,PlantA,93.69,0.72,0.41
161,2024-02-02,Pump,West,PlantA,81.12,2.68,0.93
162,2024-02-02,Conveyor,North,PlantC,98.8,1.42,0.72
163,2024-02-02,Boiler,West,PlantB,92.53,2.82,0.17
164,2024-02-02,Generator,West,PlantC,76.71,4.51,0.47
165,2024-02-03,Compressor,North,PlantA,88.74,2.83,0.16
166,2024-02-03,Pump,East,PlantA,60.42,1.03,0.01
167,2024-02-03,Conveyor,North,PlantA,88.65,4.06,0.28
168,2024-02-03,Boiler,East,PlantC,94.2,3.66,0.54
169,2024-02-03,Generator,North,PlantB,89.81,1.39,0.15
170,2024-02-04,Compressor,North,PlantA,83.15,4.75,0.62
171,2024-02-04,Pump,South,PlantA,98.16,0.48,0.85
172,2024-02-04,Conveyor,East,PlantC,99.5,1.48,0.66
173,2024-02-04,Boiler,North,PlantA,93.54,2.96,0.29
174,2024-02-04,Generator,South,PlantA,94.68,4.85,0.18
175,2024-02-05,Compressor,East,PlantB,71.87,0.61,0.24
176,2024-02-05,Pump,North,PlantB,95.04,1.4,0.44
177,2024-02-05,Conveyor,West,PlantB,94.63,2.9,0.9
178,2024-02-05,Boiler,East,PlantB,70.94,1.66,0.23
179,2024-02-05,Generator,North,PlantC,98.82,3.91,0.46
180,2024-02-06,Compressor,South,PlantA,94.28,1.06,0.45
181,2024-02-06,Pump,West,PlantC,88.8,1.7,0.85
182,2024-02-06,Conveyor,South,PlantA,60.39,1.33,0.1
183,2024-02-06,Boiler,South,PlantB,75.29,3.47,0.53
184,2024-02-06,Generator,North,PlantB,77.56,4.32,0.76
185,2024-02-07,Compressor,North,PlantB,68.37,2.87,0.52
186,2024-02-07,Pump,South,PlantB,92.89,2.63,0.63
187,2024-02-07,Conveyor,East,PlantC,75.03,2.28,0.55
188,2024-02-07,Boiler,East,PlantB,73.55,1.75,0.18
189,2024-02-07,Generator,South,PlantB,85.57,3.3,0.2
190,2024-02-08,Compressor,East,PlantB,84.97,4.38,0.72
191,2024-02-08,Pump,East,PlantA,62.89,1.44,0.63
192,2024-02-08,Conveyor,North,PlantA,78.35,0.39,0.85
193,2024-02-08,Boiler,South,PlantB,70.53,1.99,0.16
194,2024-02-08,Generator,South,PlantB,71.62,1.49,0.14
195,2024-02-09,Compressor,South,PlantA,81.02,2.99,0.73
196,2024-02-09,Pump,South,PlantB,61.14,2.31,0.62
197,2024-02-09,Conveyor,North,PlantB,74.45,0.18,0.29
198,2024-02-09,Boiler,South,PlantC,83.45,1.67,0.42
199,2024-02-09,Generator,North,PlantC,99.88,2.86,0.9
200,2024-02-10,Compressor,East,PlantB,80.64,1.34,0.61
201,2024-02-10,Pump,East,PlantB,88.93,0.85,0.15
202,2024-02-10,Conveyor,East,PlantA,78.01,3.46,0.3
203,2024-02-10,Boiler,West,PlantB,67.64,4.96,0.74
204,2024-02-10,Generator,South,PlantA,78.39,0.66,0.51
205,2024-02-11,Compressor,West,PlantA,85.38,2.41,0.05
206,2024-02-11,Pump,South,PlantC,84.18,4.99,0.68
207,2024-02-11,Conveyor,South,PlantA,61.71,1.76,0.1
208,2024-02-11,Boiler,South,PlantA,81.19,2.05,0.12
209,2024-02-11,Generator,North,PlantB,89.64,1.5,0.26
210,2024-02-12,Compressor,South,PlantA,99.34,4.69,0.96
211,2024-02-12,Pump,East,PlantB,79.71,4.86,0.76
212,2024-02-12,Conveyor,East,PlantB,82.97,4.52,0.01
213,2024-02-12,Boiler,North,PlantB,68.48,4.08,0.14
214,2024-02-12,Generator,West,PlantA,86.04,2.33,0.73
215,2024-02-13,Compressor,North,PlantC,88.28,4.23,0.0
216,2024-02-13,Pump,South,PlantB,85.48,3.04,0.84
217,2024-02-13,Conveyor,East,PlantB,90.04,3.06,0.19
218,2024-02-13,Boiler,East,PlantA,82.16,0.61,0.34
219,2024-02-13,Generator,East,PlantB,83.54,0.8,0.45
220,2024-02-14,Compressor,East,PlantB,67.84,1.12,0.53
221,2024-02-14,Pump,North,PlantC,81.61,3.61,0.19
222,2024-02-14,Conveyor,South,PlantA,96.4,4.64,0.66
223,2024-02-14,Boiler,North,PlantB,79.37,3.53,0.26
224,2024-02-14,Generator,West,PlantA,80.19,1.18,0.87
225,2024-02-15,Compressor,South,PlantC,88.14,1.29,0.86
226,2024-02-15,Pump,East,PlantB,79.95,4.68,0.24
227,2024-02-15,Conveyor,North,PlantB,68.87,3.45,0.81
228,2024-02-15,Boiler,West,PlantA,78.11,4.25,0.24
229,2024-02-15,Generator,South,PlantC,72.94,0.84,0.6
230,2024-02-16,Compressor,West,PlantB,79.8,1.7,0.12
231,2024-02-16,Pump,East,PlantC,77.78,2.66,0.75
232,2024-02-16,Conveyor,West,PlantA,79.55,3.83,0.61
233,2024-02-16,Boiler,West,PlantA,78.82,3.34,0.65
234,2024-02-16,Generator,South,PlantB,64.91,0.15,0.72
235,2024-02-17,Compressor,East,PlantB,85.86,0.81,0.45
236,2024-02-17,Pump,South,PlantB,83.53,1.14,0.6
237,2024-02-17,Conveyor,East,PlantA,90.69,4.21,0.52
238,2024-02-17,Boiler,North,PlantA,73.33,2.03,0.06
239,2024-02-17,Generator,North,PlantC,88.53,3.27,0.28
240,2024-02-18,Compressor,East,PlantC,66.93,3.57,0.57
241,2024-02-18,Pump,West,PlantB,98.97,2.81,0.24
242,2024-02-18,Conveyor,East,PlantB,86.85,2.25,0.91
243,2024-02-18,Boiler,West,PlantC,81.88,3.68,0.46
244,2024-02-18,Generator,South,PlantC,68.98,4.19,0.14
245,2024-02-19,Compressor,South,PlantA,61.43,3.84,0.85
246,2024-02-19,Pump,East,PlantA,91.25,1.08,0.11
247,2024-02-19,Conveyor,South,PlantA,98.34,3.67,0.81
248,2024-02-19,Boiler,East,PlantB,74.23,3.79,0.91
249,2024-02-19,Generator,West,PlantB,99.42,4.23,0.52
250,2024-02-20,Compressor,East,PlantB,65.91,4.85,0.65
251,2024-02-20,Pump,East,PlantA,68.71,1.65,0.03
252,2024-02-20,Conveyor,North,PlantB,68.71,3.86,0.78
253,2024-02-20,Boiler,South,PlantA,72.76,3.12,0.18
254,2024-02-20,Generator,West,PlantA,91.57,2.53,0.92
255,2024-02-21,Compressor,North,PlantC,91.57,0.78,0.37
256,2024-02-21,Pump,South,PlantB,80.05,2.83,0.72
257,2024-02-21,Conveyor,East,PlantB,61.34,0.13,0.61
258,2024-02-21,Boiler,North,PlantC,64.41,0.3,0.77
259,2024-02-21,Generator,West,PlantA,95.86,3.38,0.82
260,2024-02-22,Compressor,North,PlantB,60.75,2.33,0.05
261,2024-02-22,Pump,North,PlantB,72.85,1.33,0.02
262,2024-02-22,Conveyor,East,PlantB,68.67,4.65,0.76
263,2024-02-22,Boiler,West,PlantC,82.83,3.91,0.44
264,2024-02-22,Generator,North,PlantA,60.65,0.45,0.01
265,2024-02-23,Compressor,South,PlantC,88.69,1.28,0.42
266,2024-02-23,Pump,South,PlantC,72.99,2.49,0.23
267,2024-02-23,Conveyor,South,PlantB,76.99,1.4,0.58
268,2024-02-23,Boiler,North,PlantC,90.7,2.89,0.12
269,2024-02-23,Generator,West,PlantB,89.84,4.02,0.9
270,2024-02-24,Compressor,East,PlantC,78.37,3.44,0.18
271,2024-02-24,Pump,East,PlantC,81.43,4.44,0.72
272,2024-02-24,Conveyor,South,PlantC,79.19,1.48,0.72
273,2024-02-24,Boiler,West,PlantC,78.19,0.19,0.57
274,2024-02-24,Generator,East,PlantA,70.29,3.86,0.64
275,2024-02-25,Compressor,North,PlantB,71.99,2.57,0.34
276,2024-02-25,Pump,South,PlantA,82.33,0.66,0.76
277,2024-02-25,Conveyor,East,PlantA,60.4,1.43,0.87
278,2024-02-25,Boiler,West,PlantB,96.86,2.73,0.01
279,2024-02-25,Generator,West,PlantC,81.51,4.62,0.32
280,2024-02-26,Compressor,North,PlantC,65.75,2.94,0.61
281,2024-02-26,Pump,West,PlantA,96.05,0.19,0.79
282,2024-02-26,Conveyor,East,PlantA,97.39,4.24,0.69
283,2024-02-26,Boiler,North,PlantA,82.88,1.66,0.53
284,2024-02-26,Generator,West,PlantC,99.71,3.64,0.77
285,2024-02-27,Compressor,North,PlantA,89.43,0.58,0.81
286,2024-02-27,Pump,South,PlantA,66.81,4.18,0.34
287,2024-02-27,Conveyor,North,PlantA,85.48,3.97,0.85
288,2024-02-27,Boiler,West,PlantC,74.35,2.89,0.07
289,2024-02-27,Generator,East,PlantB,67.48,0.39,0.15
290,2024-02-28,Compressor,North,PlantC,72.76,3.92,0.03
291,2024-02-28,Pump,North,PlantC,63.57,4.37,0.27
292,2024-02-28,Conveyor,West,PlantC,83.85,0.45,0.48
293,2024-02-28,Boiler,East,PlantA,64.61,0.75,0.79
294,2024-02-28,Generator,North,PlantC,86.16,2.91,0.3
295,2024-02-29,Compressor,South,PlantA,99.4,3.17,0.09
296,2024-02-29,Pump,West,PlantC,93.84,3.79,0.19
297,2024-02-29,Conveyor,West,PlantC,98.96,2.8,0.19
298,2024-02-29,Boiler,South,PlantB,82.31,4.66,0.18
299,2024-02-29,Generator,North,PlantC,82.9,0.19,0.94
300,2024-03-01,Compressor,East,PlantB,65.78,1.86,0.18
301,2024-03-01,Pump,East,PlantC,74.68,1.47,0.66
302,2024-03-01,Conveyor,West,PlantB,92.21,4.14,0.12
303,2024-03-01,Boiler,West,PlantC,82.55,4.93,0.67
304,2024-03-01,Generator,South,PlantB,77.45,4.29,0.74
305,2024-03-02,Compressor,East,PlantB,72.8,3.02,0.55
306,2024-03-02,Pump,East,PlantA,75.65,1.39,0.83
307,2024-03-02,Conveyor,North,PlantA,75.91,3.58,0.42
308,2024-03-02,Boiler,North,PlantA,99.16,1.88,0.45
309,2024-03-02,Generator,South,PlantC,88.91,2.04,0.54
310,2024-03-03,Compressor,West,PlantA,61.17,0.97,0.83
311,2024-03-03,Pump,East,PlantA,65.64,0.37,0.56
312,2024-03-03,Conveyor,South,PlantC,64.87,4.12,0.67
313,2024-03-03,Boiler,South,PlantC,60.41,1.8,0.54
314,2024-03-03,Generator,South,PlantB,96.41,3.34,0.24
315,2024-03-04,Compressor,West,PlantC,88.86,2.92,0.68
316,2024-03-04,Pump,South,PlantC,74.6,2.61,0.06
317,2024-03-04,Conveyor,East,PlantA,63.04,2.59,0.79
318,2024-03-04,Boiler,East,PlantA,85.34,3.69,0.66
319,2024-03-04,Generator,West,PlantC,88.05,4.06,0.36
320,2024-03-05,Compressor,East,PlantB,92.15,3.39,0.23
321,2024-03-05,Pump,West,PlantB,74.28,4.62,0.95
322,2024-03-05,Conveyor,North,PlantB,85.03,0.23,0.02
323,2024-03-05,Boiler,North,PlantB,71.97,2.69,0.25
324,2024-03-05,Generator,East,PlantB,98.83,1.85,0.79
325,2024-03-06,Compressor,South,PlantB,93.53,4.19,0.15
326,2024-03-06,Pump,East,PlantA,81.7,3.07,0.09
327,2024-03-06,Conveyor,North,PlantA,85.86,0.81,0.05
328,2024-03-06,Boiler,East,PlantB,62.3,4.8,0.7
329,2024-03-06,Generator,East,PlantB,73.9,1.94,0.03
330,2024-03-07,Compressor,East,PlantB,70.37,2.8,0.65
331,2024-03-07,Pump,West,PlantC,91.06,3.78,0.59
332,2024-03-07,Conveyor,North,PlantB,88.78,3.37,0.94
333,2024-03-07,Boiler,West,PlantC,69.77,1.69,0.51
334,2024-03-07,Generator,North,PlantB,92.1,0.96,0.92
335,2024-03-08,Compressor,South,PlantA,83.42,0.89,0.38
336,2024-03-08,Pump,South,PlantB,65.36,1.24,0.36
337,2024-03-08,Conveyor,North,PlantC,88.31,1.19,0.3
338,2024-03-08,Boiler,East,PlantC,80.89,2.22,0.48
339,2024-03-08,Generator,South,PlantC,90.84,2.83,0.9
340,2024-03-09,Compressor,West,PlantA,73.72,0.67,0.65
341,2024-03-09,Pump,West,PlantA,94.35,0.66,0.49
342,2024-03-09,Conveyor,South,PlantB,77.81,4.3,0.57
343,2024-03-09,Boiler,North,PlantA,76.56,0.85,0.07
344,2024-03-09,Generator,South,PlantC,94.35,4.12,0.25
345,2024-03-10,Compressor,South,PlantC,85.11,2.32,0.02
346,2024-03-10,Pump,East,PlantB,75.86,3.99,0.47
347,2024-03-10,Conveyor,East,PlantB,96.2,0.78,0.75
348,2024-03-10,Boiler,East,PlantA,77.01,0.25,0.71
349,2024-03-10,Generator,South,PlantA,67.89,2.84,0.8
350,2024-03-11,Compressor,South,PlantA,65.77,2.42,0.33
351,2024-03-11,Pump,East,PlantC,90.18,2.14,0.98
352,2024-03-11,Conveyor,East,PlantC,81.57,0.9,0.68
353,2024-03-11,Boiler,South,PlantA,99.52,0.26,0.15
354,2024-03-11,Generator,West,PlantA,73.99,1.5,0.61
355,2024-03-12,Compressor,East,PlantA,65.16,2.63,0.16
356,2024-03-12,Pump,North,PlantB,67.07,1.1,0.43
357,2024-03-12,Conveyor,North,PlantB,92.76,4.65,0.11
358,2024-03-12,Boiler,South,PlantA,93.63,1.27,0.26
359,2024-03-12,Generator,North,PlantA,85.99,3.49,0.26
360,2024-03-13,Compressor,West,PlantC,98.2,0.5,0.71
361,2024-03-13,Pump,East,PlantC,97.19,2.24,0.06
362,2024-03-13,Conveyor,North,PlantB,65.36,3.01,0.71
363,2024-03-13,Boiler,East,PlantA,83.24,2.61,0.68
364,2024-03-13,Generator,North,PlantA,74.3,4.51,0.37
365,2024-03-14,Compressor,East,PlantB,60.64,4.37,0.74
366,2024-03-14,Pump,West,PlantA,77.97,0.73,0.13
367,2024-03-14,Conveyor,North,PlantB,71.96,1.54,0.08
368,2024-03-14,Boiler,South,PlantB,62.68,1.74,0.81
369,2024-03-14,Generator,North,PlantB,99.16,3.98,0.27
370,2024-03-15,Compressor,East,PlantB,76.16,3.66,0.81
371,2024-03-15,Pump,South,PlantB,94.13,2.47,0.63
372,2024-03-15,Conveyor,North,PlantB,64.2,3.01,0.95
373,2024-03-15,Boiler,South,PlantB,86.02,3.67,0.02
374,2024-03-15,Generator,West,PlantC,70.07,2.55,0.92
375,2024-03-16,Compressor,West,PlantB,61.3,0.11,0.46
376,2024-03-16,Pump,East,PlantA,95.94,2.03,0.58
377,2024-03-16,Conveyor,South,PlantC,75.86,2.7,0.66
378,2024-03-16,Boiler,West,PlantB,67.84,2.64,0.85
379,2024-03-16,Generator,South,PlantB,72.1,1.78,0.16
380,2024-03-17,Compressor,South,PlantB,63.33,4.39,0.01
381,2024-03-17,Pump,West,PlantC,72.73,4.2,0.75
382,2024-03-17,Conveyor,West,PlantB,78.21,3.43,0.74
383,2024-03-17,Boiler,North,PlantC,74.72,3.88,0.8
384,2024-03-17,Generator,West,PlantC,65.95,0.23,0.74
385,2024-03-18,Compressor,South,PlantC,80.94,1.33,0.9
386,2024-03-18,Pump,West,PlantC,99.95,3.12,0.36
387,2024-03-18,Conveyor,East,PlantB,82.71,0.92,0.34
388,2024-03-18,Boiler,North,PlantB,80.71,4.66,0.6
389,2024-03-18,Generator,South,PlantA,76.04,0.72,0.13
390,2024-03-19,Compressor,East,PlantC,78.18,4.74,0.73
391,2024-03-19,Pump,East,PlantB,69.64,2.76,0.74
392,2024-03-19,Conveyor,West,PlantB,71.48,4.77,0.58
393,2024-03-19,Boiler,South,PlantB,78.27,4.21,0.0
394,2024-03-19,Generator,North,PlantC,72.96,2.74,0.72
395,2024-03-20,Compressor,South,PlantB,73.04,3.41,0.9
396,2024-03-20,Pump,South,PlantC,93.34,3.3,0.73
397,2024-03-20,Conveyor,North,PlantA,69.27,0.25,0.2
398,2024-03-20,Boiler,South,PlantC,85.52,3.01,0.86
399,2024-03-20,Generator,South,PlantA,88.31,2.08,0.81
400,2024-03-21,Compressor,South,PlantC,99.34,2.59,0.93
401,2024-03-21,Pump,South,PlantC,98.37,3.63,0.26
402,2024-03-21,Conveyor,North,PlantC,90.57,2.63,0.39
403,2024-03-21,Boiler,East,PlantA,92.95,1.92,0.63
404,2024-03-21,Generator,West,PlantA,69.56,2.3,0.01
405,2024-03-22,Compressor,East,PlantC,86.34,1.93,0.45
406,2024-03-22,Pump,East,PlantB,85.25,1.6,0.66
407,2024-03-22,Conveyor,West,PlantA,63.81,2.2,0.19
408,2024-03-22,Boiler,North,PlantA,91.2,0.69,0.18
409,2024-03-22,Generator,West,PlantA,64.68,4.88,0.51
410,2024-03-23,Compressor,West,PlantB,75.65,4.95,0.21
411,2024-03-23,Pump,West,PlantA,84.02,0.17,0.6
412,2024-03-23,Conveyor,South,PlantC,90.46,4.21,0.17
413,2024-03-23,Boiler,East,PlantB,65.24,2.47,0.63
414,2024-03-23,Generator,North,PlantA,90.04,1.6,0.14
415,2024-03-24,Compressor,West,PlantB,80.05,1.25,0.86
416,2024-03-24,Pump,North,PlantC,73.24,4.4,0.27
417,2024-03-24,Conveyor,East,PlantB,64.91,3.98,0.03
418,2024-03-24,Boiler,West,PlantC,80.01,0.69,0.27
419,2024-03-24,Generator,North,PlantA,86.36,3.24,0.73
420,2024-03-25,Compressor,East,PlantA,98.71,4.63,0.92
421,2024-03-25,Pump,East,PlantB,93.56,1.42,0.56
422,2024-03-25,Conveyor,South,PlantB,88.82,4.66,0.89
423,2024-03-25,Boiler,West,PlantB,62.78,0.75,0.71
424,2024-03-25,Generator,South,PlantC,97.74,3.01,0.17
425,2024-03-26,Compressor,West,PlantB,72.46,0.57,0.01
426,2024-03-26,Pump,South,PlantB,65.28,3.62,0.98
427,2024-03-26,Conveyor,West,PlantB,97.05,5.0,0.43
428,2024-03-26,Boiler,North,PlantB,80.87,0.53,0.87
429,2024-03-26,Generator,West,PlantC,75.23,0.19,0.97
430,2024-03-27,Compressor,South,PlantB,69.08,0.19,0.86
431,2024-03-27,Pump,South,PlantC,96.94,2.06,0.44
432,2024-03-27,Conveyor,North,PlantC,81.84,2.67,0.04
433,2024-03-27,Boiler,North,PlantB,79.0,3.12,0.98
434,2024-03-27,Generator,West,PlantB,94.19,2.62,0.17
435,2024-03-28,Compressor,West,PlantC,79.49,0.82,0.55
436,2024-03-28,Pump,West,PlantA,91.83,3.65,0.06
437,2024-03-28,Conveyor,North,PlantA,74.02,1.61,0.87
438,2024-03-28,Boiler,East,PlantA,97.39,1.16,0.02
439,2024-03-28,Generator,West,PlantB,70.79,3.28,0.51
440,2024-03-29,Compressor,East,PlantB,65.04,3.59,0.27
441,2024-03-29,Pump,East,PlantB,65.93,3.81,0.95
442,2024-03-29,Conveyor,East,PlantB,62.53,1.47,0.02
443,2024-03-29,Boiler,West,PlantB,75.07,3.45,0.77
444,2024-03-29,Generator,East,PlantB,69.25,3.88,0.55
445,2024-03-30,Compressor,West,PlantA,83.93,2.16,0.76
446,2024-03-30,Pump,North,PlantC,64.78,0.41,0.78
447,2024-03-30,Conveyor,North,PlantC,67.09,1.71,0.6
448,2024-03-30,Boiler,North,PlantB,81.08,4.35,0.4
449,2024-03-30,Generator,South,PlantA,75.69,3.28,0.98
450,2024-03-31,Compressor,North,PlantB,64.85,0.67,0.29
451,2024-03-31,Pump,West,PlantC,79.51,3.74,0.04
452,2024-03-31,Conveyor,South,PlantB,92.56,4.75,0.85
453,2024-03-31,Boiler,West,PlantA,92.51,0.31,0.81
454,2024-03-31,Generator,West,PlantC,65.12,3.16,0.26
455,2024-04-01,Compressor,West,PlantB,77.51,0.5,0.37
456,2024-04-01,Pump,West,PlantB,67.45,0.16,0.04
457,2024-04-01,Conveyor,West,PlantB,70.07,1.03,0.29
458,2024-04-01,Boiler,West,PlantC,97.37,4.4,0.09
459,2024-04-01,Generator,West,PlantB,80.47,4.02,0.75
460,2024-04-02,Compressor,South,PlantB,88.84,3.61,0.87
461,2024-04-02,Pump,North,PlantB,76.5,4.0,0.56
462,2024-04-02,Conveyor,North,PlantB,71.81,1.68,0.26
463,2024-04-02,Boiler,North,PlantC,91.06,2.11,0.35
464,2024-04-02,Generator,South,PlantB,92.92,4.98,0.26
465,2024-04-03,Compressor,East,PlantC,93.58,3.22,0.47
466,2024-04-03,Pump,East,PlantB,98.45,4.57,0.49
467,2024-04-03,Conveyor,East,PlantB,75.48,4.25,0.47
468,2024-04-03,Boiler,South,PlantB,97.68,4.88,0.26
469,2024-04-03,Generator,East,PlantB,84.57,0.84,0.29
470,2024-04-04,Compressor,South,PlantA,82.01,1.9,0.55
471,2024-04-04,Pump,West,PlantA,91.06,3.71,0.42
472,2024-04-04,Conveyor,West,PlantC,60.6,1.13,0.47
473,2024-04-04,Boiler,North,PlantA,78.17,0.11,0.67
474,2024-04-04,Generator,East,PlantC,99.48,2.41,0.54
475,2024-04-05,Compressor,North,PlantC,67.09,3.23,0.27
476,2024-04-05,Pump,South,PlantA,92.53,3.63,0.64
477,2024-04-05,Conveyor,West,PlantB,61.56,1.2,0.52
478,2024-04-05,Boiler,West,PlantC,84.28,4.04,0.18
479,2024-04-05,Generator,East,PlantC,73.87,3.4,0.89
480,2024-04-06,Compressor,East,PlantC,69.65,3.76,0.33
481,2024-04-06,Pump,West,PlantC,61.15,3.36,0.24
482,2024-04-06,Conveyor,West,PlantC,61.09,0.52,0.38
483,2024-04-06,Boiler,East,PlantA,96.33,4.38,0.21
484,2024-04-06,Generator,North,PlantB,97.17,1.66,0.74
485,2024-04-07,Compressor,South,PlantC,84.87,3.13,0.37
486,2024-04-07,Pump,West,PlantB,71.92,4.21,0.31
487,2024-04-07,Conveyor,South,PlantA,92.93,3.89,0.46
488,2024-04-07,Boiler,South,PlantC,78.8,3.33,0.72
489,2024-04-07,Generator,South,PlantA,88.4,3.83,0.57
490,2024-04-08,Compressor,West,PlantC,81.36,1.01,0.11
491,2024-04-08,Pump,South,PlantB,98.09,1.2,0.76
492,2024-04-08,Conveyor,East,PlantA,79.3,3.18,0.81
493,2024-04-08,Boiler,East,PlantA,66.44,4.27,0.49
494,2024-04-08,Generator,North,PlantC,78.78,1.81,0.04
495,2024-04-09,Compressor,South,PlantA,96.58,3.15,0.92
496,2024-04-09,Pump,North,PlantC,69.38,4.42,0.61
497,2024-04-09,Conveyor,East,PlantA,92.27,0.66,0.27
498,2024-04-09,Boiler,South,PlantB,82.12,3.67,0.46
499,2024-04-09,Generator,North,PlantA,61.92,1.86,0.48
500,2024-04-10,Compressor,South,PlantA,91.07,2.26,0.57
501,2024-04-10,Pump,East,PlantA,84.78,3.4,0.15
502,2024-04-10,Conveyor,North,PlantC,73.19,4.33,0.02
503,2024-04-10,Boiler,North,PlantA,61.37,0.88,0.85
504,2024-04-10,Generator,East,PlantA,81.31,2.4,0.89
505,2024-04-11,Compressor,West,PlantC,82.86,0.69,0.96
506,2024-04-11,Pump,South,PlantC,74.52,2.5,0.75
507,2024-04-11,Conveyor,East,PlantB,99.83,2.47,0.41
508,2024-04-11,Boiler,East,PlantA,80.37,3.6,0.99
509,2024-04-11,Generator,North,PlantA,61.79,1.93,0.43
510,2024-04-12,Compressor,West,PlantC,66.62,3.69,0.18
511,2024-04-12,Pump,East,PlantA,88.24,2.04,0.42
512,2024-04-12,Conveyor,East,PlantC,71.12,1.16,0.14
513,2024-04-12,Boiler,North,PlantA,72.06,2.63,0.28
514,2024-04-12,Generator,East,PlantC,94.5,1.87,0.69
515,2024-04-13,Compressor,East,PlantA,99.66,2.41,0.52
516,2024-04-13,Pump,North,PlantC,98.66,3.75,0.63
517,2024-04-13,Conveyor,South,PlantA,75.95,2.63,0.88
518,2024-04-13,Boiler,South,PlantC,90.27,1.34,0.38
519,2024-04-13,Generator,North,PlantB,70.31,4.48,0.56
520,2024-04-14,Compressor,East,PlantC,66.31,3.19,0.14
521,2024-04-14,Pump,North,PlantB,94.59,3.37,0.28
522,2024-04-14,Conveyor,East,PlantB,62.31,2.3,0.97
523,2024-04-14,Boiler,South,PlantB,60.83,0.46,0.24
524,2024-04-14,Generator,North,PlantB,65.13,2.03,0.73
525,2024-04-15,Compressor,West,PlantA,89.85,3.15,0.71
526,2024-04-15,Pump,North,PlantC,75.78,0.57,0.16
527,2024-04-15,Conveyor,South,PlantC,86.79,1.09,0.78
528,2024-04-15,Boiler,North,PlantA,74.29,1.86,0.41
529,2024-04-15,Generator,North,PlantA,62.33,0.69,0.5
530,2024-04-16,Compressor,East,PlantA,68.33,4.36,0.59
531,2024-04-16,Pump,East,PlantB,65.99,0.22,0.21
532,2024-04-16,Conveyor,East,PlantB,83.84,1.49,0.77
533,2024-04-16,Boiler,South,PlantC,92.22,3.15,0.4
534,2024-04-16,Generator,North,PlantB,99.8,3.1,0.14
535,2024-04-17,Compressor,South,PlantB,83.51,0.79,0.08
536,2024-04-17,Pump,North,PlantA,84.43,1.36,0.27
537,2024-04-17,Conveyor,West,PlantB,65.4,3.54,0.03
538,2024-04-17,Boiler,North,PlantC,61.88,1.49,0.72
539,2024-04-17,Generator,North,PlantB,99.37,3.3,0.75
540,2024-04-18,Compressor,North,PlantA,61.33,4.83,0.06
541,2024-04-18,Pump,West,PlantC,66.93,3.13,0.3
542,2024-04-18,Conveyor,East,PlantC,95.68,4.91,0.72
543,2024-04-18,Boiler,West,PlantA,72.41,3.39,0.75
544,2024-04-18,Generator,South,PlantB,74.47,2.27,0.71
545,2024-04-19,Compressor,South,PlantA,81.13,2.42,0.02
546,2024-04-19,Pump,West,PlantB,87.81,3.76,0.77
547,2024-04-19,Conveyor,North,PlantC,96.39,2.13,0.42
548,2024-04-19,Boiler,West,PlantC,96.46,0.71,0.62
549,2024-04-19,Generator,South,PlantC,80.74,4.34,0.47
550,2024-04-20,Compressor,East,PlantA,97.69,2.47,0.59
551,2024-04-20,Pump,North,PlantB,99.11,4.23,0.15
552,2024-04-20,Conveyor,South,PlantB,95.99,4.62,0.68
553,2024-04-20,Boiler,North,PlantA,94.56,3.87,0.65
554,2024-04-20,Generator,East,PlantB,99.75,0.11,0.94
555,2024-04-21,Compressor,South,PlantB,97.44,1.02,0.83
556,2024-04-21,Pump,South,PlantB,90.88,4.97,0.28
557,2024-04-21,Conveyor,East,PlantC,61.03,2.4,0.38
558,2024-04-21,Boiler,West,PlantC,76.71,3.1,0.21
559,2024-04-21,Generator,East,PlantB,86.59,2.44,0.02
560,2024-04-22,Compressor,West,PlantB,75.29,3.94,0.35
561,2024-04-22,Pump,East,PlantC,84.53,0.32,0.09
562,2024-04-22,Conveyor,East,PlantA,92.86,3.83,0.46
563,2024-04-22,Boiler,South,PlantC,81.32,3.55,0.24
564,2024-04-22,Generator,South,PlantA,94.15,0.27,0.34
565,2024-04-23,Compressor,South,PlantB,74.48,2.87,0.52
566,2024-04-23,Pump,South,PlantA,71.97,1.42,0.91
567,2024-04-23,Conveyor,East,PlantA,71.51,1.74,0.55
568,2024-04-23,Boiler,North,PlantC,78.93,4.16,0.21
569,2024-04-23,Generator,South,PlantB,97.75,4.85,0.44
570,2024-04-24,Compressor,South,PlantC,99.69,4.24,0.39
571,2024-04-24,Pump,North,PlantA,99.39,4.98,0.01
572,2024-04-24,Conveyor,East,PlantB,96.33,1.79,0.56
573,2024-04-24,Boiler,East,PlantA,70.26,3.71,0.08
574,2024-04-24,Generator,West,PlantB,80.64,0.41,0.31
575,2024-04-25,Compressor,North,PlantA,61.99,1.31,0.15
576,2024-04-25,Pump,South,PlantA,74.66,2.56,0.92
577,2024-04-25,Conveyor,South,PlantC,67.69,4.76,0.56
578,2024-04-25,Boiler,East,PlantB,80.24,3.52,0.2
579,2024-04-25,Generator,West,PlantA,99.03,0.37,0.1
580,2024-04-26,Compressor,South,PlantB,80.63,3.09,0.68
581,2024-04-26,Pump,South,PlantB,98.37,1.02,0.95
582,2024-04-26,Conveyor,East,PlantC,97.14,4.68,0.53
583,2024-04-26,Boiler,North,PlantC,69.82,2.29,0.73
584,2024-04-26,Generator,West,PlantB,99.93,4.89,0.98
585,2024-04-27,Compressor,North,PlantA,76.94,2.64,0.25
586,2024-04-27,Pump,North,PlantC,71.0,4.07,0.35
587,2024-04-27,Conveyor,East,PlantA,96.85,0.62,0.54
588,2024-04-27,Boiler,East,PlantA,64.46,1.25,0.57
589,2024-04-27,Generator,North,PlantA,72.16,0.84,0.68
590,2024-04-28,Compressor,North,PlantB,78.76,4.16,0.68
591,2024-04-28,Pump,East,PlantC,72.53,2.12,0.12
592,2024-04-28,Conveyor,West,PlantA,67.55,2.1,0.26
593,2024-04-28,Boiler,East,PlantA,83.59,2.47,0.33
594,2024-04-28,Generator,West,PlantB,60.18,0.17,0.31
595,2024-04-29,Compressor,South,PlantA,61.64,3.99,0.68
596,2024-04-29,Pump,North,PlantA,70.06,0.56,0.66
597,2024-04-29,Conveyor,East,PlantC,88.48,4.42,0.15
598,2024-04-29,Boiler,North,PlantC,89.32,0.72,0.61
599,2024-04-29,Generator,North,PlantC,89.74,2.38,0.99
600,2024-04-30,Compressor,South,PlantB,88.56,0.75,0.08
601,2024-04-30,Pump,West,PlantB,69.61,1.02,0.71
602,2024-04-30,Conveyor,East,PlantB,75.92,3.27,0.34
603,2024-04-30,Boiler,North,PlantA,90.88,1.01,0.32
604,2024-04-30,Generator,West,PlantC,68.23,4.92,0.93
605,2024-05-01,Compressor,East,PlantB,65.93,4.98,0.07
606,2024-05-01,Pump,North,PlantA,74.0,4.04,0.79
607,2024-05-01,Conveyor,North,PlantC,86.72,3.29,0.39
608,2024-05-01,Boiler,North,PlantB,94.12,0.26,0.39
609,2024-05-01,Generator,East,PlantA,67.82,2.27,0.73
610,2024-05-02,Compressor,North,PlantB,92.99,1.55,0.19
611,2024-05-02,Pump,South,PlantB,65.85,4.23,0.11
612,2024-05-02,Conveyor,West,PlantB,82.68,0.91,0.52
613,2024-05-02,Boiler,South,PlantA,81.64,3.86,0.17
614,2024-05-02,Generator,West,PlantA,66.25,1.11,0.95
615,2024-05-03,Compressor,West,PlantA,89.88,3.76,0.14
616,2024-05-03,Pump,East,PlantA,86.49,3.56,0.58
617,2024-05-03,Conveyor,North,PlantC,60.33,2.29,0.4
618,2024-05-03,Boiler,North,PlantA,62.11,3.19,0.37
619,2024-05-03,Generator,North,PlantA,74.96,3.37,0.57
620,2024-05-04,Compressor,East,PlantC,77.13,3.51,0.01
621,2024-05-04,Pump,South,PlantC,62.83,2.24,0.59
622,2024-05-04,Conveyor,West,PlantB,93.22,2.16,0.25
623,2024-05-04,Boiler,East,PlantC,95.47,2.57,0.25
624,2024-05-04,Generator,South,PlantA,78.75,3.56,0.96
625,2024-05-05,Compressor,North,PlantC,74.61,2.41,0.3
626,2024-05-05,Pump,North,PlantA,62.65,2.35,0.4
627,2024-05-05,Conveyor,North,PlantA,60.37,1.05,0.38
628,2024-05-05,Boiler,South,PlantC,65.84,0.73,0.62
629,2024-05-05,Generator,North,PlantA,73.12,3.18,0.45
630,2024-05-06,Compressor,South,PlantC,98.51,2.73,0.41
631,2024-05-06,Pump,East,PlantB,85.89,0.72,0.99
632,2024-05-06,Conveyor,North,PlantB,78.83,1.01,0.63
633,2024-05-06,Boiler,North,PlantB,72.52,4.66,0.18
634,2024-05-06,Generator,South,PlantA,81.13,3.85,0.8
635,2024-05-07,Compressor,West,PlantC,81.69,4.25,0.29
636,2024-05-07,Pump,East,PlantC,66.93,1.74,0.36
637,2024-05-07,Conveyor,East,PlantC,61.9,0.29,0.43
638,2024-05-07,Boiler,South,PlantC,81.06,2.07,0.73
639,2024-05-07,Generator,East,PlantC,86.78,1.84,0.84
640,2024-05-08,Compressor,West,PlantC,90.68,3.25,0.16
641,2024-05-08,Pump,North,PlantA,91.14,2.74,0.54
642,2024-05-08,Conveyor,West,PlantC,89.04,3.17,0.27
643,2024-05-08,Boiler,South,PlantB,84.64,4.78,0.51
644,2024-05-08,Generator,West,PlantB,87.34,1.58,0.22
645,2024-05-09,Compressor,West,PlantC,79.51,3.27,0.65
646,2024-05-09,Pump,East,PlantB,93.18,4.8,0.32
647,2024-05-09,Conveyor,South,PlantA,62.93,3.17,0.86
648,2024-05-09,Boiler,East,PlantA,65.46,1.06,0.94
649,2024-05-09,Generator,West,PlantA,83.31,4.84,0.72
650,2024-05-10,Compressor,South,PlantB,72.49,4.1,0.2
651,2024-05-10,Pump,West,PlantB,72.27,4.1,0.83
652,2024-05-10,Conveyor,East,PlantB,87.85,0.44,0.1
653,2024-05-10,Boiler,South,PlantB,99.9,1.23,0.6
654,2024-05-10,Generator,North,PlantC,86.28,4.94,0.08
655,2024-05-11,Compressor,North,PlantB,66.81,0.35,0.31
656,2024-05-11,Pump,North,PlantB,81.83,0.87,0.43
657,2024-05-11,Conveyor,South,PlantC,61.36,3.47,0.16
658,2024-05-11,Boiler,South,PlantA,93.28,2.28,0.59
659,2024-05-11,Generator,West,PlantC,69.19,2.57,0.16
660,2024-05-12,Compressor,West,PlantA,99.16,2.59,0.45
661,2024-05-12,Pump,North,PlantC,89.03,4.01,0.16
662,2024-05-12,Conveyor,North,PlantA,69.16,0.43,0.13
663,2024-05-12,Boiler,North,PlantA,86.67,2.88,0.24
664,2024-05-12,Generator,North,PlantB,61.76,2.63,0.87
665,2024-05-13,Compressor,West,PlantC,67.79,2.27,1.0
666,2024-05-13,Pump,West,PlantB,72.22,0.23,0.61
667,2024-05-13,Conveyor,East,PlantA,89.06,4.37,0.32
668,2024-05-13,Boiler,West,PlantA,99.89,2.52,0.81
669,2024-05-13,Generator,East,PlantA,68.77,4.59,0.98
670,2024-05-14,Compressor,South,PlantB,85.02,1.33,0.87
671,2024-05-14,Pump,North,PlantC,91.77,0.9,0.7
672,2024-05-14,Conveyor,East,PlantC,62.23,0.45,0.41
673,2024-05-14,Boiler,North,PlantC,79.17,4.13,0.55
674,2024-05-14,Generator,West,PlantC,88.89,1.89,0.29
675,2024-05-15,Compressor,East,PlantC,75.17,3.6,0.9
676,2024-05-15,Pump,South,PlantA,74.77,1.49,0.6
677,2024-05-15,Conveyor,West,PlantB,74.82,4.71,0.09
678,2024-05-15,Boiler,West,PlantC,71.0,1.86,0.31
679,2024-05-15,Generator,West,PlantC,79.31,4.31,0.4
680,2024-05-16,Compressor,East,PlantC,68.34,4.89,0.28
681,2024-05-16,Pump,North,PlantA,92.05,4.3,0.41
682,2024-05-16,Conveyor,East,PlantA,93.61,1.73,0.22
683,2024-05-16,Boiler,East,PlantB,61.33,1.66,0.98
684,2024-05-16,Generator,North,PlantA,66.91,4.55,0.83
685,2024-05-17,Compressor,North,PlantB,62.81,2.7,0.87
686,2024-05-17,Pump,South,PlantB,97.49,1.78,0.9
687,2024-05-17,Conveyor,South,PlantA,85.42,2.94,0.52
688,2024-05-17,Boiler,South,PlantB,78.1,1.55,0.43
689,2024-05-17,Generator,East,PlantC,76.88,3.31,0.55
690,2024-05-18,Compressor,East,PlantA,63.95,3.22,0.49
691,2024-05-18,Pump,South,PlantB,96.75,3.21,0.87
692,2024-05-18,Conveyor,South,PlantB,65.5,3.03,0.8
693,2024-05-18,Boiler,South,PlantB,60.4,2.36,0.77
694,2024-05-18,Generator,South,PlantB,97.01,1.47,0.8
695,2024-05-19,Compressor,West,PlantA,76.29,3.18,0.39
696,2024-05-19,Pump,West,PlantB,65.19,4.76,0.58
697,2024-05-19,Conveyor,East,PlantB,98.99,2.7,0.02
698,2024-05-19,Boiler,South,PlantB,80.6,1.34,0.49
699,2024-05-19,Generator,South,PlantC,82.65,3.63,0.3
700,2024-05-20,Compressor,East,PlantC,65.3,4.06,0.09
701,2024-05-20,Pump,South,PlantB,62.44,3.58,0.24
702,2024-05-20,Conveyor,North,PlantB,86.34,2.26,0.69
703,2024-05-20,Boiler,East,PlantA,97.47,2.71,0.15
704,2024-05-20,Generator,North,PlantA,70.61,2.39,0.47
705,2024-05-21,Compressor,West,PlantA,99.02,4.29,0.02
706,2024-05-21,Pump,North,PlantA,89.01,4.29,0.32
707,2024-05-21,Conveyor,East,PlantB,99.45,0.65,0.61
708,2024-05-21,Boiler,North,PlantA,71.37,1.66,0.65
709,2024-05-21,Generator,West,PlantA,99.13,0.51,0.94
710,2024-05-22,Compressor,West,PlantA,81.76,2.03,0.54
711,2024-05-22,Pump,East,PlantA,74.88,2.56,0.49
712,2024-05-22,Conveyor,West,PlantA,64.76,2.76,0.45
713,2024-05-22,Boiler,South,PlantB,62.05,0.26,0.13
714,2024-05-22,Generator,North,PlantB,67.92,2.68,0.25
715,2024-05-23,Compressor,South,PlantB,89.02,2.3,0.87
716,2024-05-23,Pump,West,PlantB,69.61,2.48,0.62
717,2024-05-23,Conveyor,South,PlantA,78.59,1.08,0.68
718,2024-05-23,Boiler,West,PlantB,93.36,2.68,0.51
719,2024-05-23,Generator,East,PlantA,67.41,4.75,0.75
720,2024-05-24,Compressor,South,PlantC,89.19,4.63,0.58
721,2024-05-24,Pump,North,PlantC,81.11,3.41,0.98
722,2024-05-24,Conveyor,South,PlantA,69.23,1.04,0.6
723,2024-05-24,Boiler,West,PlantC,96.41,4.95,0.22
724,2024-05-24,Generator,South,PlantB,69.47,3.52,0.02
725,2024-05-25,Compressor,East,PlantC,72.76,0.71,0.87
726,2024-05-25,Pump,East,PlantC,71.2,4.81,0.87
727,2024-05-25,Conveyor,South,PlantC,98.45,3.61,0.03
728,2024-05-25,Boiler,North,PlantB,77.55,3.22,0.39
729,2024-05-25,Generator,West,PlantC,76.87,1.4,0.67
730,2024-05-26,Compressor,West,PlantB,97.74,1.12,0.66
731,2024-05-26,Pump,West,PlantA,85.13,3.29,0.74
732,2024-05-26,Conveyor,East,PlantA,73.91,4.46,0.96
733,2024-05-26,Boiler,North,PlantB,67.47,1.59,0.55
734,2024-05-26,Generator,South,PlantA,90.08,0.44,0.54
735,2024-05-27,Compressor,North,PlantC,82.89,4.76,0.38
736,2024-05-27,Pump,North,PlantA,89.76,2.77,0.95
737,2024-05-27,Conveyor,West,PlantB,90.94,0.48,0.51
738,2024-05-27,Boiler,South,PlantC,92.32,1.95,0.93
739,2024-05-27,Generator,East,PlantC,70.44,3.84,0.72
740,2024-05-28,Compressor,West,PlantC,65.0,0.24,0.43
741,2024-05-28,Pump,South,PlantA,63.43,2.01,0.73
742,2024-05-28,Conveyor,South,PlantC,66.38,2.89,0.28
743,2024-05-28,Boiler,North,PlantA,60.24,2.65,0.14
744,2024-05-28,Generator,East,PlantC,85.38,0.93,0.54
745,2024-05-29,Compressor,East,PlantB,75.44,0.79,0.02
746,2024-05-29,Pump,South,PlantC,62.36,4.38,0.39
747,2024-05-29,Conveyor,South,PlantC,84.33,1.49,0.14
748,2024-05-29,Boiler,South,PlantB,90.66,1.65,0.23
749,2024-05-29,Generator,North,PlantC,77.95,2.83,0.54
750,2024-05-30,Compressor,South,PlantA,63.25,4.14,0.38
751,2024-05-30,Pump,South,PlantA,90.29,0.34,0.71
752,2024-05-30,Conveyor,North,PlantA,65.2,4.59,0.28
753,2024-05-30,Boiler,West,PlantA,86.45,2.98,0.18
754,2024-05-30,Generator,East,PlantB,87.0,4.55,0.91
755,2024-05-31,Compressor,West,PlantA,89.97,3.19,0.66
756,2024-05-31,Pump,South,PlantB,61.08,1.5,0.71
757,2024-05-31,Conveyor,South,PlantC,96.88,0.92,0.24
758,2024-05-31,Boiler,North,PlantB,93.81,4.05,0.16
759,2024-05-31,Generator,North,PlantC,86.11,3.56,0.87
760,2024-06-01,Compressor,West,PlantB,98.67,0.52,0.29
761,2024-06-01,Pump,West,PlantB,78.8,3.31,0.83
762,2024-06-01,Conveyor,North,PlantC,72.64,0.42,0.81
763,2024-06-01,Boiler,East,PlantC,98.39,0.91,0.87
764,2024-06-01,Generator,West,PlantC,86.36,3.55,0.06
765,2024-06-02,Compressor,East,PlantB,71.7,3.62,0.57
766,2024-06-02,Pump,East,PlantA,86.99,2.11,0.1
767,2024-06-02,Conveyor,South,PlantB,96.56,2.68,0.44
768,2024-06-02,Boiler,East,PlantB,94.42,4.23,0.76
769,2024-06-02,Generator,South,PlantC,71.12,0.1,0.15
770,2024-06-03,Compressor,North,PlantC,98.84,2.38,0.2
771,2024-06-03,Pump,East,PlantB,98.56,4.93,0.73
772,2024-06-03,Conveyor,South,PlantB,89.86,0.5,0.15
773,2024-06-03,Boiler,North,PlantA,62.68,4.74,0.32
774,2024-06-03,Generator,West,PlantA,88.74,2.24,0.86
775,2024-06-04,Compressor,East,PlantA,85.22,1.43,0.83
776,2024-06-04,Pump,West,PlantB,71.26,1.42,0.63
777,2024-06-04,Conveyor,North,PlantA,67.59,2.09,0.56
778,2024-06-04,Boiler,West,PlantA,68.17,2.0,0.82
779,2024-06-04,Generator,West,PlantC,61.8,1.98,0.82
780,2024-06-05,Compressor,West,PlantC,60.44,2.99,0.13
781,2024-06-05,Pump,South,PlantC,91.11,4.62,0.77
782,2024-06-05,Conveyor,North,PlantA,86.55,2.22,0.19
783,2024-06-05,Boiler,West,PlantA,86.4,4.5,0.41
784,2024-06-05,Generator,North,PlantA,83.22,3.02,0.86
785,2024-06-06,Compressor,West,PlantB,68.73,3.39,0.65
786,2024-06-06,Pump,North,PlantA,91.81,1.92,0.98
787,2024-06-06,Conveyor,North,PlantA,77.82,4.78,0.08
788,2024-06-06,Boiler,North,PlantA,63.58,0.2,0.17
789,2024-06-06,Generator,West,PlantB,85.82,2.27,0.98
790,2024-06-07,Compressor,West,PlantB,90.62,3.2,0.58
791,2024-06-07,Pump,East,PlantA,76.51,4.76,0.35
792,2024-06-07,Conveyor,East,PlantC,73.52,0.75,0.86
793,2024-06-07,Boiler,South,PlantC,71.74,4.87,0.95
794,2024-06-07,Generator,South,PlantC,90.02,2.75,0.1
795,2024-06-08,Compressor,South,PlantB,66.87,2.68,0.95
796,2024-06-08,Pump,West,PlantB,91.93,0.18,0.82
797,2024-06-08,Conveyor,North,PlantB,64.14,2.4,0.66
798,2024-06-08,Boiler,South,PlantC,76.96,0.42,0.63
799,2024-06-08,Generator,North,PlantA,75.86,3.82,0.61
800,2024-06-09,Compressor,North,PlantA,94.85,1.99,0.87
801,2024-06-09,Pump,South,PlantC,84.5,3.88,0.84
802,2024-06-09,Conveyor,North,PlantC,95.29,1.78,1.0
803,2024-06-09,Boiler,South,PlantC,78.13,0.63,0.26
804,2024-06-09,Generator,South,PlantA,78.6,4.21,0.26
805,2024-06-10,Compressor,South,PlantB,93.37,1.87,0.29
806,2024-06-10,Pump,East,PlantA,88.76,4.17,0.73
807,2024-06-10,Conveyor,North,PlantC,86.23,3.71,0.11
808,2024-06-10,Boiler,South,PlantB,90.84,2.15,0.13
809,2024-06-10,Generator,North,PlantB,87.16,2.57,0.33
810,2024-06-11,Compressor,North,PlantB,67.54,4.24,0.67
811,2024-06-11,Pump,East,PlantC,68.02,2.54,0.83
812,2024-06-11,Conveyor,East,PlantA,67.85,0.68,0.19
813,2024-06-11,Boiler,East,PlantB,97.9,1.8,0.07
814,2024-06-11,Generator,North,PlantB,71.69,4.13,0.35
815,2024-06-12,Compressor,East,PlantA,70.92,2.85,0.4
816,2024-06-12,Pump,East,PlantC,91.78,0.28,0.08
817,2024-06-12,Conveyor,North,PlantC,99.21,4.52,0.12
818,2024-06-12,Boiler,South,PlantC,78.65,0.36,0.28
819,2024-06-12,Generator,East,PlantA,64.62,1.11,0.39
820,2024-06-13,Compressor,West,PlantC,84.03,1.38,0.26
821,2024-06-13,Pump,West,PlantC,81.58,0.49,0.67
822,2024-06-13,Conveyor,West,PlantA,63.07,4.56,0.54
823,2024-06-13,Boiler,East,PlantA,82.69,0.77,0.38
824,2024-06-13,Generator,East,PlantC,89.96,1.47,0.49
825,2024-06-14,Compressor,North,PlantA,91.05,2.27,0.54
826,2024-06-14,Pump,North,PlantB,60.87,1.16,0.23
827,2024-06-14,Conveyor,West,PlantA,97.97,1.94,0.65
828,2024-06-14,Boiler,North,PlantC,87.15,3.91,0.29
829,2024-06-14,Generator,South,PlantC,97.57,4.01,0.95
830,2024-06-15,Compressor,South,PlantA,79.21,0.87,0.72
831,2024-06-15,Pump,North,PlantA,81.08,1.07,0.13
832,2024-06-15,Conveyor,South,PlantB,92.59,0.17,0.44
833,2024-06-15,Boiler,North,PlantC,93.42,1.09,0.9
834,2024-06-15,Generator,East,PlantA,80.54,0.36,0.71
835,2024-06-16,Compressor,West,PlantC,72.89,3.78,0.98
836,2024-06-16,Pump,East,PlantA,73.51,4.22,0.15
837,2024-06-16,Conveyor,West,PlantA,85.19,2.05,0.34
838,2024-06-16,Boiler,West,PlantC,65.31,2.1,0.08
839,2024-06-16,Generator,South,PlantC,82.32,3.32,0.89
840,2024-06-17,Compressor,West,PlantB,63.05,2.62,0.95
841,2024-06-17,Pump,North,PlantA,80.87,4.52,0.46
842,2024-06-17,Conveyor,East,PlantA,76.94,4.64,0.83
843,2024-06-17,Boiler,North,PlantB,86.27,1.38,0.87
844,2024-06-17,Generator,North,PlantC,63.99,0.48,0.42
845,2024-06-18,Compressor,South,PlantB,93.63,4.28,0.92
846,2024-06-18,Pump,West,PlantC,78.87,0.52,0.95
847,2024-06-18,Conveyor,South,PlantC,64.94,0.98,0.45
848,2024-06-18,Boiler,East,PlantB,76.84,2.95,0.05
849,2024-06-18,Generator,North,PlantA,81.34,1.89,0.98
850,2024-06-19,Compressor,West,PlantB,80.95,2.89,0.25
851,2024-06-19,Pump,East,PlantC,77.77,3.1,0.77
852,2024-06-19,Conveyor,North,PlantC,71.23,4.21,0.61
853,2024-06-19,Boiler,South,PlantC,99.35,0.35,0.41
854,2024-06-19,Generator,West,PlantA,79.7,2.28,0.86
855,2024-06-20,Compressor,East,PlantA,63.71,3.04,0.48
856,2024-06-20,Pump,East,PlantA,72.9,3.32,0.49
857,2024-06-20,Conveyor,East,PlantA,71.96,2.71,0.29
858,2024-06-20,Boiler,West,PlantC,64.23,2.47,0.47
859,2024-06-20,Generator,West,PlantB,93.19,3.92,0.77
860,2024-06-21,Compressor,East,PlantB,99.79,2.01,0.47
861,2024-06-21,Pump,North,PlantA,96.06,2.13,0.82
862,2024-06-21,Conveyor,South,PlantC,83.14,0.38,0.52
863,2024-06-21,Boiler,West,PlantB,74.35,1.08,0.13
864,2024-06-21,Generator,North,PlantC,82.65,2.61,0.59
865,2024-06-22,Compressor,South,PlantA,69.73,0.42,0.45
866,2024-06-22,Pump,West,PlantC,73.6,0.21,0.47
867,2024-06-22,Conveyor,East,PlantA,82.32,3.27,0.5
868,2024-06-22,Boiler,East,PlantC,89.97,0.44,0.77
869,2024-06-22,Generator,South,PlantB,76.24,3.97,0.32
870,2024-06-23,Compressor,West,PlantA,65.5,1.87,0.15
871,2024-06-23,Pump,East,PlantC,74.14,1.82,0.31
872,2024-06-23,Conveyor,East,PlantB,96.85,3.96,0.99
873,2024-06-23,Boiler,North,PlantC,72.19,1.7,0.79
874,2024-06-23,Generator,East,PlantB,99.81,3.44,0.67
875,2024-06-24,Compressor,North,PlantB,87.15,3.46,0.56
876,2024-06-24,Pump,North,PlantA,95.39,2.67,0.39
877,2024-06-24,Conveyor,North,PlantB,84.61,1.9,0.67
878,2024-06-24,Boiler,West,PlantC,75.66,2.95,0.04
879,2024-06-24,Generator,North,PlantB,69.64,2.68,0.91
880,2024-06-25,Compressor,North,PlantB,93.55,2.2,0.64
881,2024-06-25,Pump,South,PlantA,60.92,1.47,0.59
882,2024-06-25,Conveyor,North,PlantA,66.95,2.88,0.21
883,2024-06-25,Boiler,West,PlantC,60.78,2.65,0.2
884,2024-06-25,Generator,West,PlantC,92.43,0.14,0.12
885,2024-06-26,Compressor,West,PlantA,84.69,4.97,0.77
886,2024-06-26,Pump,East,PlantB,95.4,4.76,0.71
887,2024-06-26,Conveyor,North,PlantC,78.94,4.97,0.05
888,2024-06-26,Boiler,South,PlantB,85.74,0.16,0.83
889,2024-06-26,Generator,North,PlantC,73.77,2.21,0.97
890,2024-06-27,Compressor,East,PlantC,97.92,0.43,0.38
891,2024-06-27,Pump,West,PlantC,76.89,1.56,0.87
892,2024-06-27,Conveyor,East,PlantC,92.09,0.46,0.66
893,2024-06-27,Boiler,West,PlantC,83.57,1.25,0.82
894,2024-06-27,Generator,South,PlantB,72.13,2.87,0.07
895,2024-06-28,Compressor,South,PlantC,62.43,4.47,0.4
896,2024-06-28,Pump,West,PlantC,82.18,0.8,0.54
897,2024-06-28,Conveyor,North,PlantB,82.8,4.02,0.94
898,2024-06-28,Boiler,North,PlantA,99.69,4.17,0.66
899,2024-06-28,Generator,West,PlantC,87.53,2.62,0.93
900,2024-06-29,Compressor,South,PlantB,88.25,0.76,0.48
901,2024-06-29,Pump,South,PlantB,95.32,3.79,0.58
902,2024-06-29,Conveyor,West,PlantC,62.21,1.13,0.49
903,2024-06-29,Boiler,North,PlantB,89.28,0.74,0.36
904,2024-06-29,Generator,South,PlantC,60.55,3.86,0.19
905,2024-06-30,Compressor,West,PlantB,78.85,1.92,0.08
906,2024-06-30,Pump,North,PlantA,62.55,3.09,0.31
907,2024-06-30,Conveyor,North,PlantB,66.86,0.88,0.16
908,2024-06-30,Boiler,West,PlantC,74.96,4.65,0.37
909,2024-06-30,Generator,South,PlantA,70.18,2.08,0.49
910,2024-07-01,Compressor,East,PlantA,99.86,2.97,0.81
911,2024-07-01,Pump,North,PlantB,85.21,2.94,0.9
912,2024-07-01,Conveyor,North,PlantC,66.47,1.4,0.09
913,2024-07-01,Boiler,West,PlantC,72.33,0.55,0.19
914,2024-07-01,Generator,South,PlantA,64.73,4.64,0.06
915,2024-07-02,Compressor,East,PlantA,86.57,2.22,0.28
916,2024-07-02,Pump,West,PlantC,76.07,0.64,0.18
917,2024-07-02,Conveyor,North,PlantC,78.69,2.12,0.41
918,2024-07-02,Boiler,West,PlantC,67.54,3.73,0.91
919,2024-07-02,Generator,West,PlantB,79.2,2.45,0.2
920,2024-07-03,Compressor,South,PlantC,69.29,3.49,0.29
921,2024-07-03,Pump,North,PlantA,82.53,1.08,0.52
922,2024-07-03,Conveyor,North,PlantA,96.69,1.37,0.27
923,2024-07-03,Boiler,West,PlantC,93.31,1.7,0.35
924,2024-07-03,Generator,North,PlantB,85.98,3.94,0.75
925,2024-07-04,Compressor,West,PlantC,88.06,2.81,0.17
926,2024-07-04,Pump,North,PlantC,82.52,2.53,0.38
927,2024-07-04,Conveyor,East,PlantB,89.62,0.14,0.63
928,2024-07-04,Boiler,South,PlantB,63.39,1.16,0.97
929,2024-07-04,Generator,West,PlantA,83.01,3.11,0.31
930,2024-07-05,Compressor,East,PlantB,90.46,4.18,0.64
931,2024-07-05,Pump,North,PlantB,68.44,4.69,0.6
932,2024-07-05,Conveyor,East,PlantA,85.05,3.86,0.13
933,2024-07-05,Boiler,East,PlantC,84.55,0.49,0.7
934,2024-07-05,Generator,South,PlantA,77.84,1.13,0.55
935,2024-07-06,Compressor,East,PlantB,82.18,1.09,0.75
936,2024-07-06,Pump,South,PlantB,62.82,0.95,0.71
937,2024-07-06,Conveyor,North,PlantC,76.36,1.55,0.53
938,2024-07-06,Boiler,South,PlantC,67.14,4.21,0.04
939,2024-07-06,Generator,East,PlantB,69.2,4.51,0.97
940,2024-07-07,Compressor,West,PlantC,85.16,1.23,0.36
941,2024-07-07,Pump,West,PlantB,78.35,4.63,0.21
942,2024-07-07,Conveyor,South,PlantB,92.37,4.15,0.15
943,2024-07-07,Boiler,North,PlantB,92.4,1.29,0.75
944,2024-07-07,Generator,North,PlantC,79.68,0.91,0.99
945,2024-07-08,Compressor,East,PlantB,89.3,4.43,0.58
946,2024-07-08,Pump,South,PlantB,66.34,3.83,0.79
947,2024-07-08,Conveyor,East,PlantB,84.86,2.35,0.09
948,2024-07-08,Boiler,West,PlantB,72.64,2.56,0.5
949,2024-07-08,Generator,South,PlantC,83.06,2.07,0.58
950,2024-07-09,Compressor,North,PlantA,85.67,2.93,0.82
951,2024-07-09,Pump,North,PlantB,81.63,1.26,0.28
952,2024-07-09,Conveyor,West,PlantC,69.98,4.21,0.3
953,2024-07-09,Boiler,East,PlantA,75.06,0.83,0.38
954,2024-07-09,Generator,North,PlantB,72.9,1.08,0.95
955,2024-07-10,Compressor,West,PlantA,95.43,1.71,0.07
956,2024-07-10,Pump,North,PlantA,86.38,3.29,0.0
957,2024-07-10,Conveyor,North,PlantB,77.32,1.7,0.76
958,2024-07-10,Boiler,West,PlantC,65.13,3.26,0.33
959,2024-07-10,Generator,East,PlantB,67.34,3.55,0.84
960,2024-07-11,Compressor,North,PlantA,94.77,3.67,0.68
961,2024-07-11,Pump,North,PlantC,90.49,2.41,0.09
962,2024-07-11,Conveyor,South,PlantA,71.68,0.5,0.67
963,2024-07-11,Boiler,West,PlantB,62.48,2.56,0.55
964,2024-07-11,Generator,East,PlantA,98.66,4.39,0.68
965,2024-07-12,Compressor,West,PlantB,80.62,2.05,0.03
966,2024-07-12,Pump,West,PlantC,98.19,2.11,0.34
967,2024-07-12,Conveyor,West,PlantC,62.72,0.99,0.22
968,2024-07-12,Boiler,West,PlantC,61.59,2.92,0.69
969,2024-07-12,Generator,East,PlantC,91.87,3.12,0.04
970,2024-07-13,Compressor,North,PlantC,65.22,0.69,0.83
971,2024-07-13,Pump,North,PlantC,69.31,4.29,0.18
972,2024-07-13,Conveyor,South,PlantC,83.78,1.73,0.55
973,2024-07-13,Boiler,East,PlantC,94.4,0.15,0.65
974,2024-07-13,Generator,South,PlantC,99.53,3.63,0.29
975,2024-07-14,Compressor,East,PlantC,80.04,0.86,0.34
976,2024-07-14,Pump,West,PlantC,94.2,2.95,0.04
977,2024-07-14,Conveyor,West,PlantB,99.37,3.87,0.11
978,2024-07-14,Boiler,East,PlantB,77.45,0.75,0.72
979,2024-07-14,Generator,West,PlantC,94.65,0.63,0.2
980,2024-07-15,Compressor,South,PlantA,77.94,0.39,0.34
981,2024-07-15,Pump,South,PlantB,94.71,1.89,0.03
982,2024-07-15,Conveyor,West,PlantA,87.52,4.85,0.49
983,2024-07-15,Boiler,West,PlantA,64.98,0.13,0.95
984,2024-07-15,Generator,South,PlantC,83.63,1.86,0.92
985,2024-07-16,Compressor,South,PlantC,75.19,1.34,0.55
986,2024-07-16,Pump,North,PlantA,88.65,1.39,0.91
987,2024-07-16,Conveyor,East,PlantB,97.07,3.18,0.5
988,2024-07-16,Boiler,South,PlantC,82.93,0.22,0.19
989,2024-07-16,Generator,East,PlantC,93.77,3.86,0.17
990,2024-07-17,Compressor,West,PlantA,82.5,4.37,0.48
991,2024-07-17,Pump,South,PlantB,62.7,1.54,0.33
992,2024-07-17,Conveyor,South,PlantB,74.31,3.78,0.27
993,2024-07-17,Boiler,North,PlantC,61.33,1.5,0.76
994,2024-07-17,Generator,West,PlantC,76.05,3.09,0.01
995,2024-07-18,Compressor,North,PlantB,88.48,4.92,0.05
996,2024-07-18,Pump,East,PlantC,63.1,4.64,0.86
997,2024-07-18,Conveyor,North,PlantC,91.05,0.72,0.46
998,2024-07-18,Boiler,West,PlantB,64.16,2.93,0.52
999,2024-07-18,Generator,North,PlantB,78.97,3.24,0.64
1000,2024-07-19,Compressor,West,PlantB,68.14,4.88,0.52
1001,2024-07-19,Pump,West,PlantA,72.68,1.6,0.13
1002,2024-07-19,Conveyor,West,PlantC,82.03,3.16,0.9
1003,2024-07-19,Boiler,South,PlantA,94.68,1.8,0.99
1004,2024-07-19,Generator,East,PlantC,99.62,1.44,0.03
1005,2024-07-20,Compressor,North,PlantC,64.99,0.27,0.9
1006,2024-07-20,Pump,East,PlantA,74.86,4.15,0.78
1007,2024-07-20,Conveyor,West,PlantA,68.97,0.24,0.8
1008,2024-07-20,Boiler,North,PlantC,74.7,2.12,0.95
1009,2024-07-20,Generator,South,PlantB,61.16,2.85,0.52
1010,2024-07-21,Compressor,North,PlantC,63.25,1.35,0.04
1011,2024-07-21,Pump,East,PlantB,91.43,4.54,0.13
1012,2024-07-21,Conveyor,North,PlantB,92.7,4.82,0.53
1013,2024-07-21,Boiler,North,PlantB,99.0,2.52,0.98
1014,2024-07-21,Generator,South,PlantA,93.04,4.16,0.98
1015,2024-07-22,Compressor,West,PlantB,79.14,3.81,0.7
1016,2024-07-22,Pump,North,PlantA,85.26,3.57,0.77
1017,2024-07-22,Conveyor,North,PlantB,96.92,4.49,0.64
1018,2024-07-22,Boiler,West,PlantB,88.66,1.97,0.6
1019,2024-07-22,Generator,North,PlantA,88.16,4.3,0.73
1020,2024-07-23,Compressor,East,PlantC,89.8,2.6,0.9
1021,2024-07-23,Pump,East,PlantA,60.42,3.54,0.24
1022,2024-07-23,Conveyor,East,PlantC,87.25,1.53,0.01
1023,2024-07-23,Boiler,North,PlantB,69.25,1.05,0.25
1024,2024-07-23,Generator,West,PlantA,78.47,0.25,0.67
1025,2024-07-24,Compressor,North,PlantC,60.41,1.48,0.17
1026,2024-07-24,Pump,South,PlantA,61.6,2.24,0.46
1027,2024-07-24,Conveyor,North,PlantA,95.92,3.54,0.04
1028,2024-07-24,Boiler,North,PlantB,88.58,3.85,0.16
1029,2024-07-24,Generator,North,PlantC,65.86,0.3,0.76
1030,2024-07-25,Compressor,East,PlantB,66.19,0.24,0.48
1031,2024-07-25,Pump,East,PlantC,97.9,4.36,0.51
1032,2024-07-25,Conveyor,East,PlantC,77.01,4.11,0.66
1033,2024-07-25,Boiler,North,PlantC,79.65,3.02,0.39
1034,2024-07-25,Generator,East,PlantB,86.65,2.58,0.04
1035,2024-07-26,Compressor,North,PlantB,82.1,3.58,0.07
1036,2024-07-26,Pump,North,PlantC,94.37,1.91,0.5
1037,2024-07-26,Conveyor,West,PlantC,61.23,2.96,0.25
1038,2024-07-26,Boiler,East,PlantA,99.88,0.55,0.28
1039,2024-07-26,Generator,East,PlantC,74.52,3.78,0.37
1040,2024-07-27,Compressor,West,PlantB,69.95,3.25,0.98
1041,2024-07-27,Pump,West,PlantB,60.86,2.73,0.17
1042,2024-07-27,Conveyor,South,PlantC,95.48,4.56,0.49
1043,2024-07-27,Boiler,North,PlantB,67.55,0.52,0.47
1044,2024-07-27,Generator,South,PlantB,98.77,0.28,0.07
1045,2024-07-28,Compressor,North,PlantB,61.71,1.75,0.68
1046,2024-07-28,Pump,North,PlantC,85.18,1.26,0.21
1047,2024-07-28,Conveyor,East,PlantB,92.73,3.75,0.43
1048,2024-07-28,Boiler,North,PlantA,96.32,2.0,0.02
1049,2024-07-28,Generator,East,PlantB,78.0,4.93,0.7
1050,2024-07-29,Compressor,East,PlantC,77.72,2.59,0.94
1051,2024-07-29,Pump,East,PlantB,94.8,4.46,0.81
1052,2024-07-29,Conveyor,North,PlantA,89.72,0.8,0.75
1053,2024-07-29,Boiler,South,PlantC,76.9,4.2,0.8
1054,2024-07-29,Generator,West,PlantA,93.28,1.85,0.13
1055,2024-07-30,Compressor,East,PlantA,68.66,3.26,0.53
1056,2024-07-30,Pump,West,PlantC,90.78,4.74,0.53
1057,2024-07-30,Conveyor,North,PlantB,96.61,1.03,0.61
1058,2024-07-30,Boiler,East,PlantA,70.2,3.23,0.46
1059,2024-07-30,Generator,North,PlantA,97.26,3.89,0.56
1060,2024-07-31,Compressor,West,PlantB,71.37,3.5,0.56
1061,2024-07-31,Pump,North,PlantB,83.73,3.01,0.67
1062,2024-07-31,Conveyor,South,PlantB,86.78,1.69,0.92
1063,2024-07-31,Boiler,West,PlantB,90.69,4.51,0.04
1064,2024-07-31,Generator,West,PlantA,82.1,0.21,0.54
1065,2024-08-01,Compressor,North,PlantB,80.39,2.75,0.74
1066,2024-08-01,Pump,East,PlantC,86.73,3.0,0.36
1067,2024-08-01,Conveyor,North,PlantB,84.54,1.83,0.93
1068,2024-08-01,Boiler,West,PlantB,84.71,2.32,0.24
1069,2024-08-01,Generator,North,PlantB,95.0,0.79,0.28
1070,2024-08-02,Compressor,East,PlantA,62.41,4.33,0.06
1071,2024-08-02,Pump,East,PlantB,94.22,0.3,0.28
1072,2024-08-02,Conveyor,East,PlantB,73.13,0.37,0.72
1073,2024-08-02,Boiler,North,PlantC,93.16,4.36,0.21
1074,2024-08-02,Generator,East,PlantC,99.51,2.39,0.28
1075,2024-08-03,Compressor,North,PlantB,60.62,3.63,0.4
1076,2024-08-03,Pump,North,PlantB,83.68,1.7,0.95
1077,2024-08-03,Conveyor,South,PlantB,82.43,1.35,0.82
1078,2024-08-03,Boiler,West,PlantB,92.41,4.15,0.07
1079,2024-08-03,Generator,South,PlantC,67.7,2.09,0.27
1080,2024-08-04,Compressor,West,PlantC,98.73,4.36,0.73
1081,2024-08-04,Pump,North,PlantC,95.94,4.53,0.68
1082,2024-08-04,Conveyor,North,PlantA,97.88,0.66,0.02
1083,2024-08-04,Boiler,North,PlantB,71.55,0.9,0.65
1084,2024-08-04,Generator,West,PlantC,69.05,3.88,0.77
1085,2024-08-05,Compressor,North,PlantB,86.34,4.77,0.3
1086,2024-08-05,Pump,North,PlantC,64.12,2.01,0.64
1087,2024-08-05,Conveyor,East,PlantA,63.66,4.12,0.47
1088,2024-08-05,Boiler,East,PlantB,86.49,4.23,0.34
1089,2024-08-05,Generator,South,PlantB,64.77,3.05,0.45
1090,2024-08-06,Compressor,East,PlantB,87.46,1.21,0.7
1091,2024-08-06,Pump,East,PlantC,66.18,4.85,0.26
1092,2024-08-06,Conveyor,West,PlantA,74.16,2.85,0.85
1093,2024-08-06,Boiler,North,PlantB,87.84,3.42,0.7
1094,2024-08-06,Generator,West,PlantB,73.74,0.37,0.21
1095,2024-08-07,Compressor,West,PlantC,83.52,1.42,0.44
1096,2024-08-07,Pump,South,PlantA,83.19,1.96,0.45
1097,2024-08-07,Conveyor,South,PlantB,91.8,3.82,0.61
1098,2024-08-07,Boiler,West,PlantC,61.68,0.53,0.59
1099,2024-08-07,Generator,East,PlantC,61.38,1.46,0.23
1100,2024-08-08,Compressor,East,PlantB,80.97,4.59,0.21
1101,2024-08-08,Pump,South,PlantA,90.95,3.83,0.66
1102,2024-08-08,Conveyor,South,PlantA,98.32,1.15,0.95
1103,2024-08-08,Boiler,North,PlantC,65.47,3.56,0.27
1104,2024-08-08,Generator,South,PlantC,67.9,3.03,0.92
1105,2024-08-09,Compressor,South,PlantA,96.77,1.56,0.05
1106,2024-08-09,Pump,North,PlantB,69.1,3.78,0.38
1107,2024-08-09,Conveyor,West,PlantA,95.79,0.94,0.29
1108,2024-08-09,Boiler,East,PlantB,87.74,2.6,0.5
1109,2024-08-09,Generator,North,PlantA,60.44,4.83,0.16
1110,2024-08-10,Compressor,North,PlantB,80.57,4.71,0.25
1111,2024-08-10,Pump,South,PlantB,92.46,1.68,0.3
1112,2024-08-10,Conveyor,West,PlantB,98.1,0.43,0.18
1113,2024-08-10,Boiler,North,PlantB,64.32,4.63,0.96
1114,2024-08-10,Generator,North,PlantC,79.95,2.8,0.54
1115,2024-08-11,Compressor,North,PlantA,88.36,1.27,0.39
1116,2024-08-11,Pump,East,PlantB,73.04,0.27,0.32
1117,2024-08-11,Conveyor,South,PlantA,74.33,1.96,0.72
1118,2024-08-11,Boiler,West,PlantA,89.05,2.63,0.27
1119,2024-08-11,Generator,West,PlantB,94.06,4.44,0.79
1120,2024-08-12,Compressor,North,PlantC,97.1,2.57,0.81
1121,2024-08-12,Pump,North,PlantB,98.71,0.27,0.73
1122,2024-08-12,Conveyor,South,PlantB,61.06,3.92,0.75
1123,2024-08-12,Boiler,East,PlantC,89.6,4.22,0.19
1124,2024-08-12,Generator,West,PlantA,66.18,2.25,0.73
1125,2024-08-13,Compressor,South,PlantC,96.05,4.7,0.74
1126,2024-08-13,Pump,East,PlantC,80.83,4.53,0.62
1127,2024-08-13,Conveyor,East,PlantB,96.31,3.68,0.44
1128,2024-08-13,Boiler,East,PlantC,63.06,3.61,0.76
1129,2024-08-13,Generator,East,PlantA,96.52,0.63,0.4
1130,2024-08-14,Compressor,South,PlantC,65.21,2.89,0.27
1131,2024-08-14,Pump,North,PlantB,89.26,4.47,0.98
1132,2024-08-14,Conveyor,West,PlantB,64.69,3.28,0.24
1133,2024-08-14,Boiler,West,PlantC,71.11,1.48,0.87
1134,2024-08-14,Generator,South,PlantC,65.88,2.74,0.12
1135,2024-08-15,Compressor,West,PlantB,65.77,3.54,0.25
1136,2024-08-15,Pump,North,PlantC,83.91,1.01,0.15
1137,2024-08-15,Conveyor,East,PlantB,63.15,3.27,0.06
1138,2024-08-15,Boiler,South,PlantA,64.3,4.27,0.32
1139,2024-08-15,Generator,South,PlantA,86.17,0.98,0.22
1140,2024-08-16,Compressor,West,PlantB,66.36,3.73,0.98
1141,2024-08-16,Pump,South,PlantC,65.06,0.66,0.29
1142,2024-08-16,Conveyor,West,PlantA,94.6,4.51,0.86
1143,2024-08-16,Boiler,South,PlantB,74.0,3.14,0.32
1144,2024-08-16,Generator,South,PlantA,67.39,1.93,0.69
1145,2024-08-17,Compressor,North,PlantB,69.29,3.7,0.73
1146,2024-08-17,Pump,North,PlantC,84.21,0.7,0.51
1147,2024-08-17,Conveyor,South,PlantA,97.83,0.35,0.81
1148,2024-08-17,Boiler,South,PlantC,77.16,0.2,0.35
1149,2024-08-17,Generator,North,PlantC,95.95,1.26,0.63
1150,2024-08-18,Compressor,South,PlantC,96.39,2.03,0.78
1151,2024-08-18,Pump,West,PlantA,66.86,1.91,0.04
1152,2024-08-18,Conveyor,East,PlantB,89.12,2.56,0.11
1153,2024-08-18,Boiler,South,PlantB,67.11,0.3,0.42
1154,2024-08-18,Generator,South,PlantB,67.55,4.8,0.68
1155,2024-08-19,Compressor,East,PlantC,80.25,1.24,0.77
1156,2024-08-19,Pump,East,PlantB,64.23,3.23,0.21
1157,2024-08-19,Conveyor,South,PlantA,67.33,1.42,0.85
1158,2024-08-19,Boiler,South,PlantA,71.95,4.53,0.76
1159,2024-08-19,Generator,East,PlantB,89.5,2.23,0.9
1160,2024-08-20,Compressor,South,PlantA,77.09,0.82,0.56
1161,2024-08-20,Pump,South,PlantC,72.38,2.07,0.15
1162,2024-08-20,Conveyor,North,PlantC,75.76,3.08,0.54
1163,2024-08-20,Boiler,South,PlantA,90.3,2.77,0.33
1164,2024-08-20,Generator,North,PlantC,92.84,3.39,0.08
1165,2024-08-21,Compressor,South,PlantC,93.0,4.57,0.59
1166,2024-08-21,Pump,North,PlantA,65.67,0.33,0.34
1167,2024-08-21,Conveyor,South,PlantC,99.95,1.27,0.26
1168,2024-08-21,Boiler,West,PlantA,66.59,4.9,0.96
1169,2024-08-21,Generator,North,PlantC,92.73,4.09,0.84
1170,2024-08-22,Compressor,South,PlantB,98.68,2.25,0.36
1171,2024-08-22,Pump,North,PlantA,60.76,3.59,0.01
1172,2024-08-22,Conveyor,West,PlantB,88.18,0.91,0.13
1173,2024-08-22,Boiler,East,PlantA,62.35,4.3,0.28
1174,2024-08-22,Generator,North,PlantB,96.23,3.09,0.69
1175,2024-08-23,Compressor,North,PlantA,71.73,1.04,0.31
1176,2024-08-23,Pump,East,PlantA,85.29,2.21,0.81
1177,2024-08-23,Conveyor,North,PlantA,81.73,4.16,0.88
1178,2024-08-23,Boiler,West,PlantC,98.42,1.62,0.48
1179,2024-08-23,Generator,West,PlantB,76.67,4.41,0.23
1180,2024-08-24,Compressor,West,PlantC,79.29,4.53,0.37
1181,2024-08-24,Pump,South,PlantC,79.27,1.44,0.65
1182,2024-08-24,Conveyor,East,PlantC,92.44,3.12,0.48
1183,2024-08-24,Boiler,South,PlantA,84.75,0.47,0.65
1184,2024-08-24,Generator,North,PlantA,67.36,2.19,0.05
1185,2024-08-25,Compressor,West,PlantA,74.71,1.59,0.01
1186,2024-08-25,Pump,South,PlantB,78.05,3.73,0.74
1187,2024-08-25,Conveyor,South,PlantB,74.31,0.16,0.45
1188,2024-08-25,Boiler,North,PlantB,60.42,2.83,0.81
1189,2024-08-25,Generator,East,PlantC,87.08,0.67,0.62
1190,2024-08-26,Compressor,North,PlantB,60.0,3.62,0.74
1191,2024-08-26,Pump,East,PlantC,79.88,1.83,0.84
1192,2024-08-26,Conveyor,North,PlantC,85.46,0.7,0.04
1193,2024-08-26,Boiler,West,PlantA,76.62,3.22,0.22
1194,2024-08-26,Generator,North,PlantB,96.08,3.45,0.63
1195,2024-08-27,Compressor,West,PlantA,86.95,2.94,0.97
1196,2024-08-27,Pump,East,PlantC,94.4,0.47,0.32
1197,2024-08-27,Conveyor,South,PlantB,67.75,4.94,0.78
1198,2024-08-27,Boiler,North,PlantC,88.32,4.72,0.93
1199,2024-08-27,Generator,West,PlantB,99.07,2.86,0.87
1200,2024-08-28,Compressor,West,PlantB,84.08,2.46,0.19
1201,2024-08-28,Pump,North,PlantA,98.49,2.55,0.15
1202,2024-08-28,Conveyor,North,PlantA,79.7,3.0,0.67
1203,2024-08-28,Boiler,West,PlantB,69.73,3.27,0.6
1204,2024-08-28,Generator,North,PlantA,75.95,1.91,0.77
1205,2024-08-29,Compressor,West,PlantB,80.74,4.98,0.19
1206,2024-08-29,Pump,West,PlantB,72.19,1.23,0.3
1207,2024-08-29,Conveyor,North,PlantB,81.76,2.47,0.85
1208,2024-08-29,Boiler,West,PlantA,98.76,1.02,0.36
1209,2024-08-29,Generator,East,PlantA,87.22,4.12,0.5
1210,2024-08-30,Compressor,North,PlantA,63.11,0.22,0.72
1211,2024-08-30,Pump,West,PlantB,61.23,3.42,0.68
1212,2024-08-30,Conveyor,South,PlantB,62.29,3.6,0.61
1213,2024-08-30,Boiler,East,PlantB,90.79,1.82,0.42
1214,2024-08-30,Generator,North,PlantC,80.29,3.76,0.78
1215,2024-08-31,Compressor,South,PlantC,92.14,3.97,0.73
1216,2024-08-31,Pump,East,PlantB,74.73,0.65,0.95
1217,2024-08-31,Conveyor,West,PlantC,77.66,3.89,0.91
1218,2024-08-31,Boiler,North,PlantC,77.6,0.6,0.73
1219,2024-08-31,Generator,North,PlantA,85.17,0.8,0.28
1220,2024-09-01,Compressor,West,PlantA,99.55,3.92,0.08
1221,2024-09-01,Pump,South,PlantB,69.06,1.55,0.55
1222,2024-09-01,Conveyor,North,PlantB,87.3,3.28,0.05
1223,2024-09-01,Boiler,North,PlantC,89.04,3.39,0.21
1224,2024-09-01,Generator,South,PlantB,72.58,4.85,0.0
1225,2024-09-02,Compressor,East,PlantC,61.22,0.43,0.57
1226,2024-09-02,Pump,South,PlantC,75.86,0.94,0.67
1227,2024-09-02,Conveyor,East,PlantA,83.97,2.89,0.43
1228,2024-09-02,Boiler,West,PlantA,91.97,0.76,0.35
1229,2024-09-02,Generator,West,PlantA,66.1,0.4,0.02
1230,2024-09-03,Compressor,North,PlantA,78.53,2.07,0.18
1231,2024-09-03,Pump,North,PlantA,89.64,3.62,0.45
1232,2024-09-03,Conveyor,North,PlantA,99.14,1.86,0.36
1233,2024-09-03,Boiler,West,PlantC,91.75,1.26,0.95
1234,2024-09-03,Generator,South,PlantC,92.52,1.37,0.05
1235,2024-09-04,Compressor,West,PlantB,66.58,1.39,0.58
1236,2024-09-04,Pump,East,PlantA,94.41,4.59,0.16
1237,2024-09-04,Conveyor,South,PlantB,93.72,1.76,0.97
1238,2024-09-04,Boiler,South,PlantB,77.7,3.46,0.42
1239,2024-09-04,Generator,South,PlantA,70.4,4.63,0.64
1240,2024-09-05,Compressor,North,PlantA,64.71,3.41,0.85
1241,2024-09-05,Pump,West,PlantB,78.49,0.21,0.03
1242,2024-09-05,Conveyor,South,PlantC,84.73,3.79,0.52
1243,2024-09-05,Boiler,North,PlantB,69.62,0.87,0.96
1244,2024-09-05,Generator,South,PlantB,87.7,3.78,0.34
1245,2024-09-06,Compressor,East,PlantC,67.9,0.28,0.98
1246,2024-09-06,Pump,West,PlantB,82.36,3.24,0.55
1247,2024-09-06,Conveyor,East,PlantC,60.41,2.88,0.15
1248,2024-09-06,Boiler,South,PlantB,70.64,4.31,0.83
1249,2024-09-06,Generator,South,PlantB,78.3,3.17,0.15
1250,2024-09-07,Compressor,West,PlantA,78.09,0.21,0.95
1251,2024-09-07,Pump,West,PlantA,70.2,4.56,0.33
1252,2024-09-07,Conveyor,North,PlantB,60.64,3.67,0.06
1253,2024-09-07,Boiler,West,PlantA,64.79,3.32,0.19
1254,2024-09-07,Generator,West,PlantB,78.1,4.57,0.91
1255,2024-09-08,Compressor,East,PlantC,70.01,3.58,0.9
1256,2024-09-08,Pump,East,PlantC,68.09,4.23,0.68
1257,2024-09-08,Conveyor,North,PlantC,91.56,1.91,0.58
1258,2024-09-08,Boiler,East,PlantA,68.36,3.07,0.41
1259,2024-09-08,Generator,South,PlantA,64.23,3.59,0.6
1260,2024-09-09,Compressor,North,PlantB,67.69,0.46,0.5
1261,2024-09-09,Pump,East,PlantB,83.86,0.14,0.49
1262,2024-09-09,Conveyor,South,PlantA,61.36,3.44,0.75
1263,2024-09-09,Boiler,North,PlantC,71.06,1.63,0.31
1264,2024-09-09,Generator,East,PlantB,71.94,3.78,0.22
1265,2024-09-10,Compressor,East,PlantB,75.9,1.21,0.3
1266,2024-09-10,Pump,North,PlantC,70.99,4.77,0.3
1267,2024-09-10,Conveyor,North,PlantA,99.71,1.23,0.38
1268,2024-09-10,Boiler,East,PlantA,88.98,4.03,0.34
1269,2024-09-10,Generator,South,PlantA,67.86,0.23,0.55
1270,2024-09-11,Compressor,South,PlantB,94.01,3.0,0.48
1271,2024-09-11,Pump,East,PlantC,83.5,4.23,0.98
1272,2024-09-11,Conveyor,West,PlantB,84.43,4.16,0.7
1273,2024-09-11,Boiler,South,PlantB,75.64,4.07,0.09
1274,2024-09-11,Generator,East,PlantC,70.97,0.59,0.92
1275,2024-09-12,Compressor,West,PlantC,70.13,2.06,0.32
1276,2024-09-12,Pump,South,PlantC,81.58,3.16,0.24
1277,2024-09-12,Conveyor,East,PlantC,64.44,0.8,0.55
1278,2024-09-12,Boiler,North,PlantA,87.09,0.22,0.88
1279,2024-09-12,Generator,West,PlantB,63.86,2.38,0.24
1280,2024-09-13,Compressor,East,PlantA,77.44,0.42,0.35
1281,2024-09-13,Pump,West,PlantB,66.93,4.61,0.32
1282,2024-09-13,Conveyor,North,PlantA,85.12,3.4,0.53
1283,2024-09-13,Boiler,South,PlantA,74.56,4.51,0.38
1284,2024-09-13,Generator,South,PlantC,80.46,0.47,0.47
1285,2024-09-14,Compressor,South,PlantA,79.2,0.75,0.49
1286,2024-09-14,Pump,South,PlantC,91.53,2.03,0.35
1287,2024-09-14,Conveyor,South,PlantB,64.51,2.41,0.8
1288,2024-09-14,Boiler,East,PlantC,81.76,2.78,0.65
1289,2024-09-14,Generator,East,PlantA,79.43,3.36,0.49
1290,2024-09-15,Compressor,East,PlantC,62.62,0.9,0.37
1291,2024-09-15,Pump,North,PlantC,67.35,4.65,0.72
1292,2024-09-15,Conveyor,East,PlantA,93.4,4.35,0.72
1293,2024-09-15,Boiler,North,PlantC,71.7,2.72,0.68
1294,2024-09-15,Generator,West,PlantC,75.44,1.75,0.54
1295,2024-09-16,Compressor,South,PlantA,72.56,1.89,0.99
1296,2024-09-16,Pump,North,PlantA,70.76,3.51,0.22
1297,2024-09-16,Conveyor,South,PlantA,61.55,2.39,0.24
1298,2024-09-16,Boiler,West,PlantC,75.59,1.6,0.77
1299,2024-09-16,Generator,South,PlantB,65.07,3.29,0.43
1300,2024-09-17,Compressor,West,PlantC,78.35,3.21,0.94
1301,2024-09-17,Pump,South,PlantC,85.21,2.63,0.19
1302,2024-09-17,Conveyor,West,PlantC,90.76,0.68,0.87
1303,2024-09-17,Boiler,North,PlantA,83.16,1.27,0.63
1304,2024-09-17,Generator,North,PlantC,68.94,0.9,0.51
1305,2024-09-18,Compressor,South,PlantC,78.72,1.28,0.31
1306,2024-09-18,Pump,South,PlantA,95.26,4.2,0.96
1307,2024-09-18,Conveyor,East,PlantA,69.27,3.31,0.34
1308,2024-09-18,Boiler,West,PlantB,70.97,4.7,0.17
1309,2024-09-18,Generator,East,PlantB,83.47,1.79,0.52
1310,2024-09-19,Compressor,South,PlantC,99.7,0.97,0.38
1311,2024-09-19,Pump,West,PlantC,85.42,0.28,0.19
1312,2024-09-19,Conveyor,East,PlantC,90.96,4.23,0.93
1313,2024-09-19,Boiler,North,PlantB,67.59,2.83,0.63
1314,2024-09-19,Generator,North,PlantC,79.3,4.54,0.48
1315,2024-09-20,Compressor,West,PlantA,75.42,4.69,0.57
1316,2024-09-20,Pump,East,PlantB,94.69,0.31,0.53
1317,2024-09-20,Conveyor,North,PlantB,97.96,0.33,0.97
1318,2024-09-20,Boiler,West,PlantB,86.31,4.92,0.15
1319,2024-09-20,Generator,East,PlantA,62.04,2.63,0.87
1320,2024-09-21,Compressor,North,PlantC,74.84,1.66,0.66
1321,2024-09-21,Pump,East,PlantB,88.28,1.96,0.84
1322,2024-09-21,Conveyor,North,PlantB,83.76,3.99,0.13
1323,2024-09-21,Boiler,West,PlantA,87.76,0.5,0.88
1324,2024-09-21,Generator,East,PlantA,67.19,4.2,0.12
1325,2024-09-22,Compressor,South,PlantC,82.3,2.14,0.34
1326,2024-09-22,Pump,South,PlantC,90.44,0.66,0.07
1327,2024-09-22,Conveyor,West,PlantC,99.02,1.18,0.49
1328,2024-09-22,Boiler,North,PlantC,69.34,1.21,0.92
1329,2024-09-22,Generator,North,PlantC,91.4,1.59,0.85
1330,2024-09-23,Compressor,East,PlantB,76.17,4.93,0.42
1331,2024-09-23,Pump,East,PlantC,85.08,1.28,0.46
1332,2024-09-23,Conveyor,East,PlantA,78.1,0.4,0.26
1333,2024-09-23,Boiler,North,PlantA,91.88,1.43,0.72
1334,2024-09-23,Generator,East,PlantA,86.87,0.14,0.06
1335,2024-09-24,Compressor,West,PlantB,77.58,3.6,0.38
1336,2024-09-24,Pump,South,PlantB,65.38,1.67,0.84
1337,2024-09-24,Conveyor,East,PlantB,65.74,2.56,0.11
1338,2024-09-24,Boiler,North,PlantB,90.02,0.17,0.48
1339,2024-09-24,Generator,North,PlantB,68.9,1.78,0.01
1340,2024-09-25,Compressor,East,PlantC,96.95,3.46,0.56
1341,2024-09-25,Pump,South,PlantC,95.72,4.67,0.58
1342,2024-09-25,Conveyor,North,PlantA,61.9,1.9,0.33
1343,2024-09-25,Boiler,West,PlantB,93.17,2.41,0.66
1344,2024-09-25,Generator,East,PlantC,78.16,4.7,0.12
1345,2024-09-26,Compressor,West,PlantA,74.33,0.14,0.75
1346,2024-09-26,Pump,South,PlantC,89.62,2.3,0.57
1347,2024-09-26,Conveyor,North,PlantC,64.26,1.92,0.37
1348,2024-09-26,Boiler,East,PlantA,98.42,1.36,0.08
1349,2024-09-26,Generator,West,PlantC,76.49,4.38,0.85
1350,2024-09-27,Compressor,West,PlantC,68.13,4.8,0.26
1351,2024-09-27,Pump,North,PlantB,96.48,2.33,0.96
1352,2024-09-27,Conveyor,West,PlantB,76.26,3.58,0.15
1353,2024-09-27,Boiler,North,PlantA,60.39,0.7,0.01
1354,2024-09-27,Generator,West,PlantC,65.7,1.4,0.37
1355,2024-09-28,Compressor,North,PlantB,73.43,4.38,0.22
1356,2024-09-28,Pump,West,PlantA,93.64,3.69,0.47
1357,2024-09-28,Conveyor,West,PlantA,77.55,4.86,0.72
1358,2024-09-28,Boiler,East,PlantB,79.95,3.45,0.17
1359,2024-09-28,Generator,West,PlantC,90.32,3.63,0.63
1360,2024-09-29,Compressor,West,PlantA,63.72,3.88,0.75
1361,2024-09-29,Pump,North,PlantC,71.57,4.96,0.32
1362,2024-09-29,Conveyor,East,PlantC,61.27,1.14,0.77
1363,2024-09-29,Boiler,West,PlantA,74.14,2.25,0.16
1364,2024-09-29,Generator,North,PlantC,79.41,1.56,0.98
1365,2024-09-30,Compressor,South,PlantA,80.73,0.71,0.06
1366,2024-09-30,Pump,North,PlantB,65.46,4.65,0.48
1367,2024-09-30,Conveyor,North,PlantA,96.41,4.96,0.76
1368,2024-09-30,Boiler,East,PlantB,69.81,0.27,0.61
1369,2024-09-30,Generator,North,PlantC,91.83,3.81,0.97
1370,2024-10-01,Compressor,South,PlantC,95.26,4.13,0.54
1371,2024-10-01,Pump,South,PlantA,81.98,1.17,0.38
1372,2024-10-01,Conveyor,South,PlantA,67.94,2.5,0.06
1373,2024-10-01,Boiler,East,PlantA,74.3,2.0,0.48
1374,2024-10-01,Generator,West,PlantA,63.75,0.9,0.71
1375,2024-10-02,Compressor,East,PlantA,60.44,3.21,0.48
1376,2024-10-02,Pump,West,PlantB,70.59,1.03,0.46
1377,2024-10-02,Conveyor,North,PlantB,71.09,4.16,0.8
1378,2024-10-02,Boiler,North,PlantB,99.56,2.14,0.69
1379,2024-10-02,Generator,East,PlantC,86.21,3.15,0.49
1380,2024-10-03,Compressor,West,PlantB,87.87,2.73,0.61
1381,2024-10-03,Pump,West,PlantB,72.67,0.1,0.8
1382,2024-10-03,Conveyor,East,PlantA,76.89,2.05,0.56
1383,2024-10-03,Boiler,North,PlantC,63.08,0.33,0.84
1384,2024-10-03,Generator,East,PlantA,98.15,4.11,0.97
1385,2024-10-04,Compressor,South,PlantC,66.72,0.5,0.09
1386,2024-10-04,Pump,East,PlantB,80.49,1.49,0.11
1387,2024-10-04,Conveyor,West,PlantC,85.89,0.35,0.25
1388,2024-10-04,Boiler,North,PlantC,80.09,0.87,0.79
1389,2024-10-04,Generator,North,PlantC,90.0,1.69,0.02
1390,2024-10-05,Compressor,East,PlantC,78.34,4.93,0.17
1391,2024-10-05,Pump,South,PlantC,98.78,0.14,0.01
1392,2024-10-05,Conveyor,North,PlantB,88.11,1.26,0.31
1393,2024-10-05,Boiler,South,PlantB,74.56,3.3,0.12
1394,2024-10-05,Generator,North,PlantC,91.98,2.79,0.63
1395,2024-10-06,Compressor,East,PlantB,96.96,0.64,0.37
1396,2024-10-06,Pump,South,PlantB,74.88,0.43,0.52
1397,2024-10-06,Conveyor,East,PlantB,91.04,3.47,0.22
1398,2024-10-06,Boiler,East,PlantA,93.84,2.06,0.05
1399,2024-10-06,Generator,West,PlantA,90.5,0.66,0.96
1400,2024-10-07,Compressor,West,PlantA,64.19,3.55,0.68
1401,2024-10-07,Pump,South,PlantC,77.25,2.91,0.53
1402,2024-10-07,Conveyor,South,PlantB,67.83,4.19,0.09
1403,2024-10-07,Boiler,West,PlantA,70.36,1.68,0.93
1404,2024-10-07,Generator,East,PlantB,63.01,0.94,0.03
1405,2024-10-08,Compressor,South,PlantC,98.37,4.88,0.53
1406,2024-10-08,Pump,West,PlantC,95.92,2.36,0.48
1407,2024-10-08,Conveyor,North,PlantB,95.36,0.6,0.67
1408,2024-10-08,Boiler,South,PlantC,90.03,3.23,0.18
1409,2024-10-08,Generator,South,PlantB,76.33,4.0,0.23
1410,2024-10-09,Compressor,East,PlantB,85.66,4.79,0.14
1411,2024-10-09,Pump,South,PlantA,76.86,3.82,0.79
1412,2024-10-09,Conveyor,West,PlantC,88.36,3.47,0.95
1413,2024-10-09,Boiler,East,PlantA,99.82,3.48,0.94
1414,2024-10-09,Generator,East,PlantA,88.09,4.82,0.06
1415,2024-10-10,Compressor,South,PlantC,66.23,4.02,0.65
1416,2024-10-10,Pump,South,PlantB,85.52,1.69,0.77
1417,2024-10-10,Conveyor,North,PlantB,74.07,3.86,0.67
1418,2024-10-10,Boiler,West,PlantB,75.01,3.1,0.55
1419,2024-10-10,Generator,West,PlantB,79.67,4.36,0.73
1420,2024-10-11,Compressor,East,PlantC,97.93,1.01,0.5
1421,2024-10-11,Pump,North,PlantA,61.98,1.14,0.02
1422,2024-10-11,Conveyor,South,PlantB,71.37,4.72,0.77
1423,2024-10-11,Boiler,South,PlantC,77.21,4.02,0.64
1424,2024-10-11,Generator,East,PlantB,85.4,2.42,0.28
1425,2024-10-12,Compressor,South,PlantB,90.98,2.97,0.51
1426,2024-10-12,Pump,South,PlantA,94.49,3.14,0.38
1427,2024-10-12,Conveyor,North,PlantB,89.71,0.67,1.0
1428,2024-10-12,Boiler,East,PlantA,76.29,1.39,0.52
1429,2024-10-12,Generator,North,PlantC,69.9,1.84,0.11
1430,2024-10-13,Compressor,North,PlantB,98.36,4.98,0.15
1431,2024-10-13,Pump,North,PlantC,95.04,3.34,0.08
1432,2024-10-13,Conveyor,East,PlantA,60.28,1.48,0.55
1433,2024-10-13,Boiler,North,PlantA,64.13,3.91,0.21
1434,2024-10-13,Generator,East,PlantC,88.23,4.53,0.61
1435,2024-10-14,Compressor,North,PlantB,72.23,3.76,0.96
1436,2024-10-14,Pump,West,PlantC,91.61,2.76,0.58
1437,2024-10-14,Conveyor,North,PlantA,88.78,3.71,0.12
1438,2024-10-14,Boiler,South,PlantB,73.33,0.49,0.82
1439,2024-10-14,Generator,North,PlantA,88.19,1.88,0.4
1440,2024-10-15,Compressor,East,PlantB,91.33,0.18,0.1
1441,2024-10-15,Pump,East,PlantC,66.02,4.56,0.1
1442,2024-10-15,Conveyor,East,PlantB,93.7,4.01,0.36
1443,2024-10-15,Boiler,East,PlantC,74.42,1.97,0.82
1444,2024-10-15,Generator,North,PlantC,91.0,1.2,0.98
1445,2024-10-16,Compressor,West,PlantC,99.07,0.93,0.5
1446,2024-10-16,Pump,North,PlantA,92.61,1.91,0.42
1447,2024-10-16,Conveyor,South,PlantA,98.39,2.47,0.48
1448,2024-10-16,Boiler,North,PlantC,70.71,2.0,0.29
1449,2024-10-16,Generator,North,PlantB,81.67,2.11,0.0
1450,2024-10-17,Compressor,South,PlantB,82.99,3.47,0.2
1451,2024-10-17,Pump,West,PlantC,73.81,0.52,0.31
1452,2024-10-17,Conveyor,South,PlantA,85.78,1.71,0.39
1453,2024-10-17,Boiler,West,PlantC,94.46,1.46,0.41
1454,2024-10-17,Generator,West,PlantB,89.01,2.67,0.73
1455,2024-10-18,Compressor,North,PlantB,77.48,0.8,0.32
1456,2024-10-18,Pump,South,PlantB,63.78,1.68,0.74
1457,2024-10-18,Conveyor,West,PlantB,62.72,2.91,0.68
1458,2024-10-18,Boiler,South,PlantA,94.06,2.41,0.99
1459,2024-10-18,Generator,East,PlantA,65.88,3.79,0.07
1460,2024-10-19,Compressor,West,PlantB,80.55,4.0,0.51
1461,2024-10-19,Pump,East,PlantA,71.94,1.19,0.05
1462,2024-10-19,Conveyor,East,PlantA,66.06,2.37,0.57
1463,2024-10-19,Boiler,North,PlantB,60.8,3.92,0.87
1464,2024-10-19,Generator,North,PlantB,87.43,1.65,1.0
1465,2024-10-20,Compressor,West,PlantB,97.2,1.81,0.43
1466,2024-10-20,Pump,North,PlantC,80.03,1.76,0.53
1467,2024-10-20,Conveyor,West,PlantA,79.27,4.1,0.48
1468,2024-10-20,Boiler,South,PlantA,89.2,1.33,0.61
1469,2024-10-20,Generator,East,PlantA,87.35,1.06,0.95
1470,2024-10-21,Compressor,North,PlantC,91.94,4.66,0.8
1471,2024-10-21,Pump,West,PlantA,75.43,0.79,0.73
1472,2024-10-21,Conveyor,South,PlantB,78.06,2.42,0.41
1473,2024-10-21,Boiler,East,PlantA,70.89,4.83,0.06
1474,2024-10-21,Generator,North,PlantC,77.51,4.72,0.18
1475,2024-10-22,Compressor,West,PlantC,96.3,2.13,0.58
1476,2024-10-22,Pump,North,PlantC,92.63,2.38,0.9
1477,2024-10-22,Conveyor,East,PlantA,88.21,1.53,0.28
1478,2024-10-22,Boiler,North,PlantB,91.42,3.68,0.98
1479,2024-10-22,Generator,South,PlantA,83.2,0.92,0.23
1480,2024-10-23,Compressor,South,PlantB,99.37,1.68,0.54
1481,2024-10-23,Pump,West,PlantC,81.61,1.48,0.98
1482,2024-10-23,Conveyor,West,PlantA,82.91,2.73,0.4
1483,2024-10-23,Boiler,North,PlantB,79.68,2.33,0.47
1484,2024-10-23,Generator,West,PlantA,66.43,3.57,0.87
1485,2024-10-24,Compressor,West,PlantC,74.39,2.28,0.55
1486,2024-10-24,Pump,North,PlantA,73.14,3.14,0.07
1487,2024-10-24,Conveyor,West,PlantC,67.99,1.35,0.1
1488,2024-10-24,Boiler,West,PlantA,98.96,0.86,0.92
1489,2024-10-24,Generator,North,PlantB,85.7,2.49,0.18
1490,2024-10-25,Compressor,North,PlantA,91.66,0.49,0.83
1491,2024-10-25,Pump,West,PlantB,77.5,3.67,0.72
1492,2024-10-25,Conveyor,West,PlantB,63.71,4.29,0.46
1493,2024-10-25,Boiler,West,PlantC,93.14,1.47,0.72
1494,2024-10-25,Generator,East,PlantB,84.11,4.91,0.37
1495,2024-10-26,Compressor,West,PlantB,86.36,2.01,0.78
1496,2024-10-26,Pump,East,PlantB,89.87,4.0,0.43
1497,2024-10-26,Conveyor,East,PlantB,63.33,0.74,0.96
1498,2024-10-26,Boiler,East,PlantA,64.77,1.84,0.67
1499,2024-10-26,Generator,East,PlantB,98.6,1.01,0.67
1500,2024-10-27,Compressor,West,PlantB,89.94,3.96,0.79
1501,2024-10-27,Pump,North,PlantA,73.2,0.89,0.61
1502,2024-10-27,Conveyor,West,PlantA,61.43,4.77,0.85
1503,2024-10-27,Boiler,South,PlantB,84.08,0.48,0.29
1504,2024-10-27,Generator,East,PlantC,63.61,3.63,0.65
1505,2024-10-28,Compressor,South,PlantC,88.38,1.03,0.26
1506,2024-10-28,Pump,East,PlantC,92.81,1.8,0.36
1507,2024-10-28,Conveyor,West,PlantA,84.26,1.85,0.96
1508,2024-10-28,Boiler,West,PlantB,87.09,4.92,0.65
1509,2024-10-28,Generator,West,PlantC,82.61,1.06,0.36
1510,2024-10-29,Compressor,North,PlantB,62.08,2.66,0.51
1511,2024-10-29,Pump,North,PlantA,81.6,1.34,0.71
1512,2024-10-29,Conveyor,North,PlantC,85.61,3.15,0.82
1513,2024-10-29,Boiler,East,PlantC,66.0,1.53,0.73
1514,2024-10-29,Generator,West,PlantA,91.71,1.44,0.85
1515,2024-10-30,Compressor,East,PlantC,82.58,0.28,0.36
1516,2024-10-30,Pump,South,PlantA,96.38,2.87,0.6
1517,2024-10-30,Conveyor,West,PlantA,93.68,3.8,0.79
1518,2024-10-30,Boiler,North,PlantA,69.32,4.37,0.2
1519,2024-10-30,Generator,West,PlantC,83.54,3.09,0.06
1520,2024-10-31,Compressor,South,PlantB,84.34,3.88,0.02
1521,2024-10-31,Pump,South,PlantC,86.63,0.45,0.98
1522,2024-10-31,Conveyor,North,PlantC,92.91,1.87,0.72
1523,2024-10-31,Boiler,North,PlantA,67.82,2.95,0.28
1524,2024-10-31,Generator,East,PlantB,68.19,1.76,0.51
1525,2024-11-01,Compressor,South,PlantC,64.34,3.58,0.39
1526,2024-11-01,Pump,South,PlantB,85.51,2.82,0.63
1527,2024-11-01,Conveyor,West,PlantB,66.35,0.76,0.46
1528,2024-11-01,Boiler,North,PlantC,76.71,1.6,0.43
1529,2024-11-01,Generator,South,PlantA,91.56,3.46,0.95
1530,2024-11-02,Compressor,West,PlantC,62.49,4.82,0.96
1531,2024-11-02,Pump,North,PlantC,64.1,1.88,0.89
1532,2024-11-02,Conveyor,North,PlantA,94.24,4.84,0.9
1533,2024-11-02,Boiler,East,PlantC,76.55,0.11,0.58
1534,2024-11-02,Generator,West,PlantC,83.13,4.38,0.51
1535,2024-11-03,Compressor,East,PlantC,72.41,1.05,0.81
1536,2024-11-03,Pump,East,PlantB,93.59,3.61,0.25
1537,2024-11-03,Conveyor,East,PlantA,87.65,1.44,0.91
1538,2024-11-03,Boiler,East,PlantC,99.78,4.6,1.0
1539,2024-11-03,Generator,North,PlantA,61.81,0.14,0.03
1540,2024-11-04,Compressor,South,PlantC,60.9,3.56,0.51
1541,2024-11-04,Pump,North,PlantC,91.75,4.34,0.46
1542,2024-11-04,Conveyor,North,PlantA,85.35,4.37,0.87
1543,2024-11-04,Boiler,North,PlantC,98.21,3.3,0.53
1544,2024-11-04,Generator,North,PlantA,97.59,1.87,0.72
1545,2024-11-05,Compressor,North,PlantB,96.27,0.1,0.4
1546,2024-11-05,Pump,West,PlantB,86.22,3.38,0.43
1547,2024-11-05,Conveyor,East,PlantC,90.95,1.94,0.14
1548,2024-11-05,Boiler,North,PlantA,73.11,2.07,0.51
1549,2024-11-05,Generator,West,PlantB,90.67,2.61,0.54
1550,2024-11-06,Compressor,North,PlantC,64.98,0.72,0.35
1551,2024-11-06,Pump,West,PlantA,97.92,4.15,0.49
1552,2024-11-06,Conveyor,North,PlantA,76.1,0.69,0.39
1553,2024-11-06,Boiler,West,PlantB,93.44,3.59,0.2
1554,2024-11-06,Generator,South,PlantB,76.43,3.53,0.25
1555,2024-11-07,Compressor,East,PlantA,70.03,4.16,0.27
1556,2024-11-07,Pump,South,PlantA,62.06,3.54,0.14
1557,2024-11-07,Conveyor,South,PlantC,71.53,1.42,0.5
1558,2024-11-07,Boiler,West,PlantB,88.21,3.44,0.36
1559,2024-11-07,Generator,South,PlantC,92.9,2.44,0.86
1560,2024-11-08,Compressor,West,PlantC,76.46,0.76,0.07
1561,2024-11-08,Pump,South,PlantB,60.29,2.64,0.01
1562,2024-11-08,Conveyor,West,PlantA,99.44,1.71,0.53
1563,2024-11-08,Boiler,South,PlantB,70.1,3.32,0.4
1564,2024-11-08,Generator,South,PlantC,84.48,2.19,0.55
1565,2024-11-09,Compressor,North,PlantC,86.45,1.36,0.55
1566,2024-11-09,Pump,South,PlantB,76.56,0.94,0.45
1567,2024-11-09,Conveyor,West,PlantA,92.79,4.26,0.68
1568,2024-11-09,Boiler,West,PlantB,60.42,2.61,0.67
1569,2024-11-09,Generator,South,PlantC,80.09,2.22,0.47
1570,2024-11-10,Compressor,North,PlantA,78.4,0.38,0.98
1571,2024-11-10,Pump,West,PlantC,63.68,1.33,0.48
1572,2024-11-10,Conveyor,North,PlantB,69.42,2.49,0.12
1573,2024-11-10,Boiler,North,PlantB,68.45,2.31,0.58
1574,2024-11-10,Generator,South,PlantA,82.68,0.88,0.74
1575,2024-11-11,Compressor,East,PlantC,80.55,0.91,0.49
1576,2024-11-11,Pump,East,PlantB,60.16,3.62,0.88
1577,2024-11-11,Conveyor,North,PlantC,95.24,1.66,0.57
1578,2024-11-11,Boiler,South,PlantA,74.45,4.53,0.26
1579,2024-11-11,Generator,West,PlantC,91.09,2.81,0.77
1580,2024-11-12,Compressor,South,PlantA,81.89,3.64,0.64
1581,2024-11-12,Pump,West,PlantB,88.03,1.41,0.77
1582,2024-11-12,Conveyor,North,PlantC,89.21,4.43,0.18
1583,2024-11-12,Boiler,South,PlantA,98.07,2.54,0.84
1584,2024-11-12,Generator,West,PlantC,85.93,1.51,0.86
1585,2024-11-13,Compressor,West,PlantC,83.31,1.17,0.9
1586,2024-11-13,Pump,East,PlantB,89.92,1.07,0.48
1587,2024-11-13,Conveyor,North,PlantB,99.76,3.7,0.68
1588,2024-11-13,Boiler,West,PlantB,82.28,1.16,0.95
1589,2024-11-13,Generator,South,PlantB,60.33,3.85,0.39
1590,2024-11-14,Compressor,North,PlantC,72.64,3.35,0.69
1591,2024-11-14,Pump,East,PlantB,65.2,0.72,0.18
1592,2024-11-14,Conveyor,South,PlantB,60.79,1.25,0.4
1593,2024-11-14,Boiler,East,PlantC,82.55,4.38,0.16
1594,2024-11-14,Generator,North,PlantB,66.1,3.11,0.01
1595,2024-11-15,Compressor,West,PlantC,79.81,4.5,0.18
1596,2024-11-15,Pump,West,PlantC,79.83,3.44,0.27
1597,2024-11-15,Conveyor,North,PlantA,64.96,1.85,0.34
1598,2024-11-15,Boiler,West,PlantB,90.62,1.22,0.08
1599,2024-11-15,Generator,West,PlantC,64.99,0.34,0.72
1600,2024-11-16,Compressor,South,PlantC,97.11,0.85,0.41
1601,2024-11-16,Pump,East,PlantB,73.3,0.55,0.95
1602,2024-11-16,Conveyor,West,PlantC,86.2,4.7,0.66
1603,2024-11-16,Boiler,East,PlantB,71.93,1.37,0.49
1604,2024-11-16,Generator,East,PlantA,68.15,2.85,0.03
1605,2024-11-17,Compressor,West,PlantC,75.94,2.33,0.06
1606,2024-11-17,Pump,East,PlantC,83.25,3.9,0.74
1607,2024-11-17,Conveyor,North,PlantC,77.32,3.31,0.69
1608,2024-11-17,Boiler,North,PlantC,79.46,3.69,0.57
1609,2024-11-17,Generator,North,PlantA,64.12,1.05,0.17
1610,2024-11-18,Compressor,West,PlantB,62.93,1.81,0.54
1611,2024-11-18,Pump,East,PlantA,79.47,2.73,0.15
1612,2024-11-18,Conveyor,West,PlantC,99.71,1.76,0.66
1613,2024-11-18,Boiler,West,PlantB,80.86,1.75,0.25
1614,2024-11-18,Generator,North,PlantA,91.02,3.15,0.6
1615,2024-11-19,Compressor,North,PlantA,94.74,3.7,0.86
1616,2024-11-19,Pump,West,PlantA,99.95,0.22,0.57
1617,2024-11-19,Conveyor,South,PlantB,61.55,0.45,0.64
1618,2024-11-19,Boiler,West,PlantC,74.94,3.24,0.37
1619,2024-11-19,Generator,North,PlantC,83.68,1.69,0.24
1620,2024-11-20,Compressor,North,PlantA,65.87,1.55,0.03
1621,2024-11-20,Pump,West,PlantA,73.65,1.8,0.14
1622,2024-11-20,Conveyor,West,PlantC,85.15,2.15,0.68
1623,2024-11-20,Boiler,North,PlantB,85.55,1.39,0.93
1624,2024-11-20,Generator,West,PlantC,99.05,3.36,0.61
1625,2024-11-21,Compressor,South,PlantC,65.89,2.22,0.24
1626,2024-11-21,Pump,East,PlantA,74.13,1.65,0.11
1627,2024-11-21,Conveyor,East,PlantC,65.42,3.02,0.49
1628,2024-11-21,Boiler,North,PlantC,78.98,1.95,0.22
1629,2024-11-21,Generator,North,PlantC,73.48,2.91,0.67
1630,2024-11-22,Compressor,South,PlantC,90.8,2.3,0.83
1631,2024-11-22,Pump,West,PlantC,73.4,3.36,0.13
1632,2024-11-22,Conveyor,East,PlantC,86.83,2.82,0.34
1633,2024-11-22,Boiler,West,PlantC,78.23,4.19,0.64
1634,2024-11-22,Generator,North,PlantA,67.13,4.72,0.82
1635,2024-11-23,Compressor,West,PlantA,83.18,2.02,0.73
1636,2024-11-23,Pump,West,PlantB,88.83,1.64,0.39
1637,2024-11-23,Conveyor,West,PlantC,77.27,4.48,0.21
1638,2024-11-23,Boiler,West,PlantA,71.92,2.65,0.72
1639,2024-11-23,Generator,East,PlantC,70.11,4.28,0.5
1640,2024-11-24,Compressor,North,PlantB,65.02,3.22,0.3
1641,2024-11-24,Pump,West,PlantC,93.56,2.0,0.1
1642,2024-11-24,Conveyor,South,PlantB,63.98,0.34,0.68
1643,2024-11-24,Boiler,East,PlantB,82.39,0.8,0.06
1644,2024-11-24,Generator,South,PlantA,60.49,1.62,0.29
1645,2024-11-25,Compressor,South,PlantC,81.74,2.76,0.38
1646,2024-11-25,Pump,East,PlantB,85.31,1.21,0.13
1647,2024-11-25,Conveyor,North,PlantC,64.98,1.44,0.55
1648,2024-11-25,Boiler,South,PlantA,64.01,3.87,0.95
1649,2024-11-25,Generator,South,PlantB,61.93,0.67,0.71
1650,2024-11-26,Compressor,East,PlantB,70.56,4.64,0.71
1651,2024-11-26,Pump,North,PlantA,71.94,2.45,0.52
1652,2024-11-26,Conveyor,South,PlantC,81.52,1.21,0.43
1653,2024-11-26,Boiler,West,PlantA,72.06,2.73,0.76
1654,2024-11-26,Generator,West,PlantA,76.79,3.75,0.31
1655,2024-11-27,Compressor,South,PlantC,82.09,4.61,0.49
1656,2024-11-27,Pump,South,PlantC,68.14,0.22,0.85
1657,2024-11-27,Conveyor,South,PlantC,88.76,1.44,0.7
1658,2024-11-27,Boiler,East,PlantA,73.94,4.5,0.92
1659,2024-11-27,Generator,South,PlantA,80.21,1.66,0.75
1660,2024-11-28,Compressor,South,PlantC,88.14,3.63,0.21
1661,2024-11-28,Pump,East,PlantB,76.77,1.22,0.72
1662,2024-11-28,Conveyor,East,PlantB,73.69,1.13,0.78
1663,2024-11-28,Boiler,North,PlantC,90.7,4.24,0.55
1664,2024-11-28,Generator,West,PlantB,71.05,4.94,0.87
1665,2024-11-29,Compressor,North,PlantC,77.06,2.47,0.5
1666,2024-11-29,Pump,North,PlantC,64.12,2.58,0.43
1667,2024-11-29,Conveyor,North,PlantA,60.55,3.82,0.22
1668,2024-11-29,Boiler,South,PlantC,82.2,0.5,0.25
1669,2024-11-29,Generator,West,PlantA,86.38,0.46,0.58
1670,2024-11-30,Compressor,West,PlantA,82.55,3.71,0.93
1671,2024-11-30,Pump,North,PlantC,71.68,3.76,0.64
1672,2024-11-30,Conveyor,South,PlantC,97.03,3.28,0.43
1673,2024-11-30,Boiler,North,PlantC,66.6,4.02,0.18
1674,2024-11-30,Generator,East,PlantA,85.59,1.39,0.6
1675,2024-12-01,Compressor,East,PlantC,93.7,2.77,0.72
1676,2024-12-01,Pump,South,PlantB,80.53,2.38,0.71
1677,2024-12-01,Conveyor,East,PlantB,85.94,2.22,0.34
1678,2024-12-01,Boiler,North,PlantB,63.51,1.2,0.91
1679,2024-12-01,Generator,East,PlantC,92.42,0.54,0.25
1680,2024-12-02,Compressor,East,PlantC,93.54,0.91,0.71
1681,2024-12-02,Pump,East,PlantB,80.19,2.88,0.44
1682,2024-12-02,Conveyor,South,PlantA,88.03,2.13,0.91
1683,2024-12-02,Boiler,West,PlantA,89.75,4.99,0.66
1684,2024-12-02,Generator,South,PlantB,64.26,3.83,0.46
1685,2024-12-03,Compressor,West,PlantA,81.48,3.88,0.2
1686,2024-12-03,Pump,East,PlantA,97.9,4.86,0.49
1687,2024-12-03,Conveyor,North,PlantC,85.47,0.56,0.32
1688,2024-12-03,Boiler,North,PlantA,93.27,2.58,0.37
1689,2024-12-03,Generator,South,PlantB,83.15,4.92,0.76
1690,2024-12-04,Compressor,South,PlantC,66.52,4.43,0.43
1691,2024-12-04,Pump,East,PlantB,64.24,0.79,0.92
1692,2024-12-04,Conveyor,North,PlantB,94.13,2.5,0.32
1693,2024-12-04,Boiler,East,PlantA,71.26,4.31,0.4
1694,2024-12-04,Generator,South,PlantB,86.18,3.54,0.87
1695,2024-12-05,Compressor,West,PlantC,70.09,2.52,0.6
1696,2024-12-05,Pump,South,PlantA,89.76,4.52,0.22
1697,2024-12-05,Conveyor,East,PlantB,83.3,4.87,0.42
1698,2024-12-05,Boiler,West,PlantA,61.41,1.52,0.68
1699,2024-12-05,Generator,South,PlantA,94.07,2.84,0.13
1700,2024-12-06,Compressor,South,PlantC,90.19,4.34,0.81
1701,2024-12-06,Pump,East,PlantC,67.8,1.36,0.07
1702,2024-12-06,Conveyor,West,PlantA,65.5,3.88,0.24
1703,2024-12-06,Boiler,North,PlantA,97.3,0.29,0.17
1704,2024-12-06,Generator,East,PlantA,77.67,1.45,0.8
1705,2024-12-07,Compressor,North,PlantA,80.52,2.11,0.39
1706,2024-12-07,Pump,West,PlantA,92.57,1.3,0.54
1707,2024-12-07,Conveyor,West,PlantC,65.53,1.4,0.96
1708,2024-12-07,Boiler,East,PlantA,92.01,4.13,0.45
1709,2024-12-07,Generator,East,PlantB,65.78,0.21,0.92
1710,2024-12-08,Compressor,West,PlantA,70.56,3.73,0.16
1711,2024-12-08,Pump,East,PlantC,95.04,4.64,0.93
1712,2024-12-08,Conveyor,North,PlantB,74.28,2.49,0.36
1713,2024-12-08,Boiler,North,PlantC,89.74,0.61,0.33
1714,2024-12-08,Generator,West,PlantA,76.88,4.35,0.26
1715,2024-12-09,Compressor,South,PlantA,82.64,4.46,0.97
1716,2024-12-09,Pump,North,PlantA,79.92,1.92,0.93
1717,2024-12-09,Conveyor,West,PlantA,97.61,0.46,0.2
1718,2024-12-09,Boiler,North,PlantC,75.66,1.14,0.41
1719,2024-12-09,Generator,West,PlantA,98.85,2.97,0.87
1720,2024-12-10,Compressor,East,PlantB,99.53,3.54,0.46
1721,2024-12-10,Pump,North,PlantA,68.81,1.15,0.73
1722,2024-12-10,Conveyor,West,PlantC,80.39,2.38,0.76
1723,2024-12-10,Boiler,West,PlantC,71.52,2.91,0.34
1724,2024-12-10,Generator,South,PlantB,81.62,1.26,0.0
1725,2024-12-11,Compressor,North,PlantC,94.61,0.38,0.66
1726,2024-12-11,Pump,South,PlantB,64.13,1.76,0.52
1727,2024-12-11,Conveyor,East,PlantA,92.33,3.83,0.5
1728,2024-12-11,Boiler,West,PlantA,64.24,1.64,0.67
1729,2024-12-11,Generator,North,PlantB,71.39,3.63,0.99
1730,2024-12-12,Compressor,South,PlantB,84.3,2.93,0.85
1731,2024-12-12,Pump,West,PlantB,94.42,1.68,0.61
1732,2024-12-12,Conveyor,North,PlantA,98.91,3.48,0.49
1733,2024-12-12,Boiler,West,PlantC,71.96,1.28,0.3
1734,2024-12-12,Generator,East,PlantA,94.21,2.68,0.52
1735,2024-12-13,Compressor,West,PlantA,64.9,4.15,0.97
1736,2024-12-13,Pump,West,PlantB,83.9,2.78,0.99
1737,2024-12-13,Conveyor,North,PlantB,88.83,3.78,0.77
1738,2024-12-13,Boiler,East,PlantB,93.83,3.45,0.45
1739,2024-12-13,Generator,West,PlantC,74.72,4.05,0.84
1740,2024-12-14,Compressor,West,PlantC,90.92,3.83,0.7
1741,2024-12-14,Pump,West,PlantC,81.49,1.9,0.44
1742,2024-12-14,Conveyor,South,PlantA,98.41,4.48,0.68
1743,2024-12-14,Boiler,West,PlantA,94.75,0.53,0.61
1744,2024-12-14,Generator,South,PlantA,80.6,4.45,0.41
1745,2024-12-15,Compressor,North,PlantA,80.14,4.86,0.56
1746,2024-12-15,Pump,North,PlantB,79.04,0.67,0.57
1747,2024-12-15,Conveyor,East,PlantA,64.7,4.78,0.55
1748,2024-12-15,Boiler,South,PlantC,69.12,0.98,0.66
1749,2024-12-15,Generator,East,PlantB,91.82,4.6,0.49
1750,2024-12-16,Compressor,West,PlantB,68.3,0.27,0.05
1751,2024-12-16,Pump,East,PlantB,70.58,2.22,0.58
1752,2024-12-16,Conveyor,South,PlantA,80.01,0.92,0.24
1753,2024-12-16,Boiler,North,PlantC,72.55,0.52,0.76
1754,2024-12-16,Generator,North,PlantB,66.43,3.03,0.47
1755,2024-12-17,Compressor,East,PlantA,75.47,1.73,0.85
1756,2024-12-17,Pump,North,PlantA,77.51,0.97,0.11
1757,2024-12-17,Conveyor,East,PlantA,62.08,1.8,0.44
1758,2024-12-17,Boiler,North,PlantA,85.23,2.82,0.94
1759,2024-12-17,Generator,West,PlantC,91.94,1.17,0.37
1760,2024-12-18,Compressor,East,PlantC,97.3,3.11,0.98
1761,2024-12-18,Pump,East,PlantB,90.17,4.67,0.04
1762,2024-12-18,Conveyor,East,PlantA,84.48,2.45,0.63
1763,2024-12-18,Boiler,East,PlantB,84.59,2.24,0.93
1764,2024-12-18,Generator,West,PlantB,72.08,1.72,0.72
1765,2024-12-19,Compressor,North,PlantA,76.4,3.23,0.51
1766,2024-12-19,Pump,East,PlantC,91.49,2.79,0.18
1767,2024-12-19,Conveyor,East,PlantC,81.37,0.26,0.75
1768,2024-12-19,Boiler,North,PlantB,86.29,2.78,0.52
1769,2024-12-19,Generator,South,PlantA,63.72,2.41,0.48
1770,2024-12-20,Compressor,West,PlantA,96.89,3.3,0.5
1771,2024-12-20,Pump,North,PlantA,69.78,3.94,0.41
1772,2024-12-20,Conveyor,North,PlantC,66.29,2.69,0.14
1773,2024-12-20,Boiler,West,PlantC,76.53,0.22,0.71
1774,2024-12-20,Generator,East,PlantB,82.85,0.82,0.82
1775,2024-12-21,Compressor,South,PlantB,89.33,0.37,0.52
1776,2024-12-21,Pump,South,PlantC,60.99,1.74,0.12
1777,2024-12-21,Conveyor,East,PlantB,79.95,3.55,0.78
1778,2024-12-21,Boiler,West,PlantB,69.46,0.42,0.49
1779,2024-12-21,Generator,North,PlantB,60.94,4.86,1.0
1780,2024-12-22,Compressor,North,PlantA,82.78,4.1,0.88
1781,2024-12-22,Pump,East,PlantA,78.38,3.44,0.05
1782,2024-12-22,Conveyor,South,PlantC,60.96,4.57,0.37
1783,2024-12-22,Boiler,East,PlantC,94.37,2.73,0.55
1784,2024-12-22,Generator,East,PlantC,60.49,1.77,0.7
1785,2024-12-23,Compressor,South,PlantA,81.02,4.13,0.77
1786,2024-12-23,Pump,West,PlantA,81.82,1.67,0.28
1787,2024-12-23,Conveyor,South,PlantC,83.42,2.37,0.11
1788,2024-12-23,Boiler,South,PlantA,80.53,0.68,0.27
1789,2024-12-23,Generator,North,PlantB,73.92,0.47,0.45
1790,2024-12-24,Compressor,South,PlantA,85.3,2.92,0.75
1791,2024-12-24,Pump,East,PlantC,96.07,1.45,0.12
1792,2024-12-24,Conveyor,East,PlantB,89.43,4.72,0.32
1793,2024-12-24,Boiler,East,PlantA,86.45,2.47,0.51
1794,2024-12-24,Generator,North,PlantA,66.62,2.23,0.32
1795,2024-12-25,Compressor,South,PlantB,83.97,3.81,0.42
1796,2024-12-25,Pump,South,PlantC,97.34,1.54,0.91
1797,2024-12-25,Conveyor,West,PlantB,75.39,2.14,0.46
1798,2024-12-25,Boiler,East,PlantC,61.04,1.86,0.07
1799,2024-12-25,Generator,East,PlantB,73.85,1.62,0.38
1800,2024-12-26,Compressor,West,PlantB,83.1,0.94,0.59
1801,2024-12-26,Pump,East,PlantC,71.67,4.88,0.47
1802,2024-12-26,Conveyor,East,PlantB,83.45,3.83,0.33
1803,2024-12-26,Boiler,South,PlantA,70.87,4.55,0.89
1804,2024-12-26,Generator,East,PlantC,87.33,3.7,0.51
1805,2024-12-27,Compressor,South,PlantC,96.58,1.47,0.82
1806,2024-12-27,Pump,West,PlantB,82.71,3.44,0.19
1807,2024-12-27,Conveyor,South,PlantC,72.22,3.09,0.83
1808,2024-12-27,Boiler,North,PlantB,69.18,1.7,0.24
1809,2024-12-27,Generator,West,PlantA,95.01,0.15,0.8
1810,2024-12-28,Compressor,South,PlantC,86.85,1.75,0.74
1811,2024-12-28,Pump,West,PlantA,66.2,4.12,0.36
1812,2024-12-28,Conveyor,West,PlantA,93.24,0.22,0.98
1813,2024-12-28,Boiler,South,PlantA,83.36,0.77,0.04
1814,2024-12-28,Generator,West,PlantC,92.14,0.36,0.09
1815,2024-12-29,Compressor,North,PlantC,99.26,0.53,0.6
1816,2024-12-29,Pump,North,PlantA,76.56,2.28,0.52
1817,2024-12-29,Conveyor,East,PlantC,96.72,2.48,0.4
1818,2024-12-29,Boiler,West,PlantB,64.92,4.64,0.06
1819,2024-12-29,Generator,North,PlantA,94.0,1.58,0.98
1820,2024-12-30,Compressor,South,PlantC,90.79,2.71,0.67
1821,2024-12-30,Pump,East,PlantC,64.95,3.06,0.53
1822,2024-12-30,Conveyor,North,PlantB,91.04,2.15,0.93
1823,2024-12-30,Boiler,North,PlantA,81.64,1.57,0.97
1824,2024-12-30,Generator,North,PlantC,87.61,1.83,0.05
1825,2024-12-31,Compressor,West,PlantC,63.33,3.89,0.37
1826,2024-12-31,Pump,East,PlantA,66.85,1.58,0.55
1827,2024-12-31,Conveyor,South,PlantA,78.85,1.77,0.8
1828,2024-12-31,Boiler,North,PlantA,94.35,3.32,0.11
1829,2024-12-31,Generator,North,PlantA,80.85,1.49,0.93
