Date,Asset,Region,Plant,Temperature,Vibration,HealthScore
2024-01-01,Compressor,South,PlantA,79.23,3.0,0.73
2024-01-01,Pump,South,PlantA,76.18,3.86,0.76
2024-01-01,Conveyor,West,PlantA,70.92,3.68,0.38
2024-01-01,Boiler,North,PlantB,99.03,2.89,0.02
2024-01-01,Generator,East,PlantC,74.66,1.21,0.37
2024-01-02,Compressor,North,PlantA,76.48,2.1,0.68
2024-01-02,Pump,East,PlantC,70.16,2.8,0.26
2024-01-02,Conveyor,North,PlantB,81.62,3.68,0.53
2024-01-02,Boiler,North,PlantC,95.96,3.69,0.52
2024-01-02,Generator,North,PlantC,84.55,0.61,0.92
2024-01-03,Compressor,South,PlantB,78.81,3.48,0.34
2024-01-03,Pump,South,PlantB,92.1,0.47,0.94
2024-01-03,Conveyor,East,PlantA,92.63,0.88,0.35
2024-01-03,Boiler,East,PlantA,97.23,3.1,0.46
2024-01-03,Generator,East,PlantC,71.33,4.62,0.33
2024-01-04,Compressor,South,PlantA,70.53,2.33,0.62
2024-01-04,Pump,South,PlantC,87.13,3.24,0.53
2024-01-04,Conveyor,North,PlantA,77.67,2.54,0.82
2024-01-04,Boiler,West,PlantA,77.81,0.72,0.71
2024-01-04,Generator,East,PlantB,68.52,1.5,0.14
2024-01-05,Compressor,South,PlantA,90.15,0.86,0.58
2024-01-05,Pump,South,PlantC,88.1,3.01,0.94
2024-01-05,Conveyor,South,PlantB,88.61,4.39,0.66
2024-01-05,Boiler,West,PlantC,73.73,1.19,0.04
2024-01-05,Generator,North,PlantA,73.86,2.93,0.11
2024-01-06,Compressor,West,PlantA,85.34,3.93,0.13
2024-01-06,Pump,South,PlantC,61.88,2.56,0.85
2024-01-06,Conveyor,West,PlantB,80.01,1.4,0.71
2024-01-06,Boiler,West,PlantA,68.62,3.63,0.94
2024-01-06,Generator,South,PlantB,62.96,4.23,0.3
2024-01-07,Compressor,North,PlantC,72.2,0.59,0.07
2024-01-07,Pump,South,PlantA,78.03,3.83,0.32
2024-01-07,Conveyor,East,PlantA,85.23,1.15,0.9
2024-01-07,Boiler,North,PlantC,60.59,3.06,0.28
2024-01-07,Generator,South,PlantA,91.44,1.53,0.5
2024-01-08,Compressor,North,PlantB,92.81,4.83,0.18
2024-01-08,Pump,South,PlantA,66.33,0.43,0.12
2024-01-08,Conveyor,East,PlantC,83.21,4.49,0.24
2024-01-08,Boiler,South,PlantC,99.35,3.5,0.61
2024-01-08,Generator,South,PlantC,61.71,0.69,0.76
2024-01-09,Compressor,West,PlantA,86.51,0.23,0.69
2024-01-09,Pump,South,PlantA,92.43,4.37,0.05
2024-01-09,Conveyor,East,PlantB,70.16,3.95,0.17
2024-01-09,Boiler,West,PlantB,63.64,2.15,0.81
2024-01-09,Generator,East,PlantA,80.45,0.21,0.76
2024-01-10,Compressor,West,PlantB,80.78,3.27,0.87
2024-01-10,Pump,South,PlantA,93.21,2.32,0.4
2024-01-10,Conveyor,North,PlantA,74.32,4.75,0.68
2024-01-10,Boiler,East,PlantB,82.54,2.82,0.72
2024-01-10,Generator,East,PlantB,91.34,4.59,0.22
2024-01-11,Compressor,East,PlantB,95.76,3.56,0.27
2024-01-11,Pump,East,PlantB,69.73,1.29,0.75
2024-01-11,Conveyor,South,PlantB,72.24,3.76,0.64
2024-01-11,Boiler,South,PlantB,64.69,4.62,0.9
2024-01-11,Generator,South,PlantB,92.93,4.49,0.49
2024-01-12,Compressor,West,PlantA,67.66,0.54,0.13
2024-01-12,Pump,South,PlantB,96.93,3.82,0.28
2024-01-12,Conveyor,East,PlantC,79.04,3.02,0.29
2024-01-12,Boiler,North,PlantC,68.82,1.31,0.2
2024-01-12,Generator,West,PlantB,84.79,3.99,0.55
2024-01-13,Compressor,North,PlantB,95.29,4.31,0.26
2024-01-13,Pump,North,PlantC,77.16,2.92,0.57
2024-01-13,Conveyor,East,PlantC,96.7,1.01,0.41
2024-01-13,Boiler,South,PlantC,85.03,2.16,0.7
2024-01-13,Generator,South,PlantB,91.97,2.42,0.88
2024-01-14,Compressor,South,PlantA,72.18,4.45,0.34
2024-01-14,Pump,South,PlantA,60.75,2.01,0.31
2024-01-14,Conveyor,West,PlantA,76.58,2.28,0.56
2024-01-14,Boiler,North,PlantA,87.0,4.83,0.02
2024-01-14,Generator,West,PlantA,89.3,1.97,0.07
2024-01-15,Compressor,East,PlantB,75.72,1.75,0.6
2024-01-15,Pump,South,PlantB,64.6,1.75,0.81
2024-01-15,Conveyor,South,PlantB,94.17,3.56,0.35
2024-01-15,Boiler,North,PlantC,96.95,1.04,0.92
2024-01-15,Generator,South,PlantB,94.23,4.2,0.23
2024-01-16,Compressor,North,PlantC,68.15,0.45,0.79
2024-01-16,Pump,South,PlantB,63.03,1.04,0.76
2024-01-16,Conveyor,North,PlantA,76.09,4.79,0.85
2024-01-16,Boiler,North,PlantA,67.73,0.73,0.62
2024-01-16,Generator,North,PlantA,91.04,4.2,0.54
2024-01-17,Compressor,East,PlantC,99.09,3.17,0.19
2024-01-17,Pump,West,PlantA,83.89,0.72,0.6
2024-01-17,Conveyor,West,PlantA,90.0,4.33,0.45
2024-01-17,Boiler,East,PlantB,98.06,1.93,0.39
2024-01-17,Generator,West,PlantC,84.35,1.11,0.51
2024-01-18,Compressor,South,PlantC,80.26,4.77,0.96
2024-01-18,Pump,South,PlantC,79.74,1.65,0.93
2024-01-18,Conveyor,North,PlantC,90.73,4.54,0.22
2024-01-18,Boiler,West,PlantB,93.59,4.12,0.17
2024-01-18,Generator,North,PlantA,78.18,4.53,0.36
2024-01-19,Compressor,South,PlantB,87.91,3.35,0.7
2024-01-19,Pump,East,PlantB,68.02,3.19,0.19
2024-01-19,Conveyor,South,PlantA,83.18,3.55,0.71
2024-01-19,Boiler,West,PlantA,74.83,3.74,0.56
2024-01-19,Generator,East,PlantC,85.96,0.24,0.76
2024-01-20,Compressor,East,PlantA,90.21,1.04,0.2
2024-01-20,Pump,West,PlantB,90.29,2.77,0.28
2024-01-20,Conveyor,East,PlantB,89.21,0.29,0.4
2024-01-20,Boiler,East,PlantB,82.9,2.45,0.12
2024-01-20,Generator,East,PlantC,96.85,4.59,0.31
2024-01-21,Compressor,West,PlantA,96.11,4.16,1.0
2024-01-21,Pump,West,PlantB,61.17,1.51,0.61
2024-01-21,Conveyor,South,PlantB,73.08,1.84,1.0
2024-01-21,Boiler,South,PlantB,69.87,3.12,0.61
2024-01-21,Generator,East,PlantB,68.98,0.97,0.42
2024-01-22,Compressor,East,PlantC,86.59,2.56,0.05
2024-01-22,Pump,East,PlantA,90.73,3.87,0.11
2024-01-22,Conveyor,North,PlantA,77.97,4.96,0.79
2024-01-22,Boiler,South,PlantA,86.75,0.41,0.53
2024-01-22,Generator,East,PlantC,99.84,4.83,0.51
2024-01-23,Compressor,North,PlantB,76.78,3.71,0.96
2024-01-23,Pump,West,PlantB,97.11,3.71,0.55
2024-01-23,Conveyor,North,PlantC,65.79,3.3,0.68
2024-01-23,Boiler,East,PlantA,64.11,1.47,0.88
2024-01-23,Generator,South,PlantA,77.92,2.55,0.94
2024-01-24,Compressor,West,PlantA,73.89,0.85,0.63
2024-01-24,Pump,East,PlantC,71.9,5.0,0.81
2024-01-24,Conveyor,North,PlantA,81.06,0.37,0.34
2024-01-24,Boiler,North,PlantC,60.95,1.27,0.19
2024-01-24,Generator,East,PlantC,93.62,3.13,0.86
2024-01-25,Compressor,South,PlantB,94.53,1.58,0.75
2024-01-25,Pump,West,PlantA,72.22,3.96,0.91
2024-01-25,Conveyor,East,PlantB,95.96,1.35,0.78
2024-01-25,Boiler,West,PlantC,99.62,2.86,0.05
2024-01-25,Generator,South,PlantA,98.73,3.01,0.7
2024-01-26,Compressor,North,PlantA,99.59,1.09,0.96
2024-01-26,Pump,South,PlantC,80.46,3.32,0.94
2024-01-26,Conveyor,North,PlantA,97.95,0.45,0.5
2024-01-26,Boiler,East,PlantB,75.07,3.03,0.19
2024-01-26,Generator,West,PlantC,68.92,4.35,0.24
2024-01-27,Compressor,West,PlantC,68.25,3.47,0.87
2024-01-27,Pump,West,PlantC,91.36,2.26,0.86
2024-01-27,Conveyor,East,PlantB,76.11,4.34,0.76
2024-01-27,Boiler,East,PlantC,83.57,4.46,0.71
2024-01-27,Generator,West,PlantC,69.54,0.16,0.48
2024-01-28,Compressor,West,PlantA,80.2,0.46,0.22
2024-01-28,Pump,North,PlantB,70.66,2.7,0.47
2024-01-28,Conveyor,South,PlantB,69.97,1.95,0.98
2024-01-28,Boiler,West,PlantC,89.05,1.88,0.72
2024-01-28,Generator,North,PlantC,72.88,3.85,0.93
2024-01-29,Compressor,North,PlantB,87.45,3.5,0.24
2024-01-29,Pump,West,PlantA,86.57,4.61,0.02
2024-01-29,Conveyor,South,PlantC,66.33,4.46,0.47
2024-01-29,Boiler,South,PlantA,76.67,1.26,0.12
2024-01-29,Generator,East,PlantC,94.51,1.35,0.28
2024-01-30,Compressor,East,PlantB,66.27,4.58,0.25
2024-01-30,Pump,East,PlantA,99.82,1.73,0.52
2024-01-30,Conveyor,South,PlantB,96.03,4.8,0.77
2024-01-30,Boiler,West,PlantB,79.06,2.21,0.43
2024-01-30,Generator,West,PlantB,88.7,3.73,0.39
2024-01-31,Compressor,East,PlantA,96.26,0.92,0.44
2024-01-31,Pump,North,PlantB,71.12,1.43,0.89
2024-01-31,Conveyor,North,PlantC,87.27,0.13,0.14
2024-01-31,Boiler,East,PlantC,76.85,0.68,0.84
2024-01-31,Generator,North,PlantA,80.75,1.23,0.47
2024-02-01,Compressor,West,PlantB,77.0,3.86,0.64
2024-02-01,Pump,North,PlantA,75.01,0.18,0.62
2024-02-01,Conveyor,West,PlantA,72.21,1.46,0.53
2024-02-01,Boiler,West,PlantB,77.42,4.58,0.27
2024-02-01,Generator,West,PlantA,60.63,4.54,0.99
2024-02-02,Compressor,North,PlantA,93.69,0.72,0.41
2024-02-02,Pump,West,PlantA,81.12,2.68,0.93
2024-02-02,Conveyor,North,PlantC,98.8,1.42,0.72
2024-02-02,Boiler,West,PlantB,92.53,2.82,0.17
2024-02-02,Generator,West,PlantC,76.71,4.51,0.47
2024-02-03,Compressor,North,PlantA,88.74,2.83,0.16
2024-02-03,Pump,East,PlantA,60.42,1.03,0.01
2024-02-03,Conveyor,North,PlantA,88.65,4.06,0.28
2024-02-03,Boiler,East,PlantC,94.2,3.66,0.54
2024-02-03,Generator,North,PlantB,89.81,1.39,0.15
2024-02-04,Compressor,North,PlantA,83.15,4.75,0.62
2024-02-04,Pump,South,PlantA,98.16,0.48,0.85
2024-02-04,Conveyor,East,PlantC,99.5,1.48,0.66
2024-02-04,Boiler,North,PlantA,93.54,2.96,0.29
2024-02-04,Generator,South,PlantA,94.68,4.85,0.18
2024-02-05,Compressor,East,PlantB,71.87,0.61,0.24
2024-02-05,Pump,North,PlantB,95.04,1.4,0.44
2024-02-05,Conveyor,West,PlantB,94.63,2.9,0.9
2024-02-05,Boiler,East,PlantB,70.94,1.66,0.23
2024-02-05,Generator,North,PlantC,98.82,3.91,0.46
2024-02-06,Compressor,South,PlantA,94.28,1.06,0.45
2024-02-06,Pump,West,PlantC,88.8,1.7,0.85
2024-02-06,Conveyor,South,PlantA,60.39,1.33,0.1
2024-02-06,Boiler,South,PlantB,75.29,3.47,0.53
2024-02-06,Generator,North,PlantB,77.56,4.32,0.76
2024-02-07,Compressor,North,PlantB,68.37,2.87,0.52
2024-02-07,Pump,South,PlantB,92.89,2.63,0.63
2024-02-07,Conveyor,East,PlantC,75.03,2.28,0.55
2024-02-07,Boiler,East,PlantB,73.55,1.75,0.18
2024-02-07,Generator,South,PlantB,85.57,3.3,0.2
2024-02-08,Compressor,East,PlantB,84.97,4.38,0.72
2024-02-08,Pump,East,PlantA,62.89,1.44,0.63
2024-02-08,Conveyor,North,PlantA,78.35,0.39,0.85
2024-02-08,Boiler,South,PlantB,70.53,1.99,0.16
2024-02-08,Generator,South,PlantB,71.62,1.49,0.14
2024-02-09,Compressor,South,PlantA,81.02,2.99,0.73
2024-02-09,Pump,South,PlantB,61.14,2.31,0.62
2024-02-09,Conveyor,North,PlantB,74.45,0.18,0.29
2024-02-09,Boiler,South,PlantC,83.45,1.67,0.42
2024-02-09,Generator,North,PlantC,99.88,2.86,0.9
2024-02-10,Compressor,East,PlantB,80.64,1.34,0.61
2024-02-10,Pump,East,PlantB,88.93,0.85,0.15
2024-02-10,Conveyor,East,PlantA,78.01,3.46,0.3
2024-02-10,Boiler,West,PlantB,67.64,4.96,0.74
2024-02-10,Generator,South,PlantA,78.39,0.66,0.51
2024-02-11,Compressor,West,PlantA,85.38,2.41,0.05
2024-02-11,Pump,South,PlantC,84.18,4.99,0.68
2024-02-11,Conveyor,South,PlantA,61.71,1.76,0.1
2024-02-11,Boiler,South,PlantA,81.19,2.05,0.12
2024-02-11,Generator,North,PlantB,89.64,1.5,0.26
2024-02-12,Compressor,South,PlantA,99.34,4.69,0.96
2024-02-12,Pump,East,PlantB,79.71,4.86,0.76
2024-02-12,Conveyor,East,PlantB,82.97,4.52,0.01
2024-02-12,Boiler,North,PlantB,68.48,4.08,0.14
2024-02-12,Generator,West,PlantA,86.04,2.33,0.73
2024-02-13,Compressor,North,PlantC,88.28,4.23,0.0
2024-02-13,Pump,South,PlantB,85.48,3.04,0.84
2024-02-13,Conveyor,East,PlantB,90.04,3.06,0.19
2024-02-13,Boiler,East,PlantA,82.16,0.61,0.34
2024-02-13,Generator,East,PlantB,83.54,0.8,0.45
2024-02-14,Compressor,East,PlantB,67.84,1.12,0.53
2024-02-14,Pump,North,PlantC,81.61,3.61,0.19
2024-02-14,Conveyor,South,PlantA,96.4,4.64,0.66
2024-02-14,Boiler,North,PlantB,79.37,3.53,0.26
2024-02-14,Generator,West,PlantA,80.19,1.18,0.87
2024-02-15,Compressor,South,PlantC,88.14,1.29,0.86
2024-02-15,Pump,East,PlantB,79.95,4.68,0.24
2024-02-15,Conveyor,North,PlantB,68.87,3.45,0.81
2024-02-15,Boiler,West,PlantA,78.11,4.25,0.24
2024-02-15,Generator,South,PlantC,72.94,0.84,0.6
2024-02-16,Compressor,West,PlantB,79.8,1.7,0.12
2024-02-16,Pump,East,PlantC,77.78,2.66,0.75
2024-02-16,Conveyor,West,PlantA,79.55,3.83,0.61
2024-02-16,Boiler,West,PlantA,78.82,3.34,0.65
2024-02-16,Generator,South,PlantB,64.91,0.15,0.72
2024-02-17,Compressor,East,PlantB,85.86,0.81,0.45
2024-02-17,Pump,South,PlantB,83.53,1.14,0.6
2024-02-17,Conveyor,East,PlantA,90.69,4.21,0.52
2024-02-17,Boiler,North,PlantA,73.33,2.03,0.06
2024-02-17,Generator,North,PlantC,88.53,3.27,0.28
2024-02-18,Compressor,East,PlantC,66.93,3.57,0.57
2024-02-18,Pump,West,PlantB,98.97,2.81,0.24
2024-02-18,Conveyor,East,PlantB,86.85,2.25,0.91
2024-02-18,Boiler,West,PlantC,81.88,3.68,0.46
2024-02-18,Generator,South,PlantC,68.98,4.19,0.14
2024-02-19,Compressor,South,PlantA,61.43,3.84,0.85
2024-02-19,Pump,East,PlantA,91.25,1.08,0.11
2024-02-19,Conveyor,South,PlantA,98.34,3.67,0.81
2024-02-19,Boiler,East,PlantB,74.23,3.79,0.91
2024-02-19,Generator,West,PlantB,99.42,4.23,0.52
2024-02-20,Compressor,East,PlantB,65.91,4.85,0.65
2024-02-20,Pump,East,PlantA,68.71,1.65,0.03
2024-02-20,Conveyor,North,PlantB,68.71,3.86,0.78
2024-02-20,Boiler,South,PlantA,72.76,3.12,0.18
2024-02-20,Generator,West,PlantA,91.57,2.53,0.92
2024-02-21,Compressor,North,PlantC,91.57,0.78,0.37
2024-02-21,Pump,South,PlantB,80.05,2.83,0.72
2024-02-21,Conveyor,East,PlantB,61.34,0.13,0.61
2024-02-21,Boiler,North,PlantC,64.41,0.3,0.77
2024-02-21,Generator,West,PlantA,95.86,3.38,0.82
2024-02-22,Compressor,North,PlantB,60.75,2.33,0.05
2024-02-22,Pump,North,PlantB,72.85,1.33,0.02
2024-02-22,Conveyor,East,PlantB,68.67,4.65,0.76
2024-02-22,Boiler,West,PlantC,82.83,3.91,0.44
2024-02-22,Generator,North,PlantA,60.65,0.45,0.01
2024-02-23,Compressor,South,PlantC,88.69,1.28,0.42
2024-02-23,Pump,South,PlantC,72.99,2.49,0.23
2024-02-23,Conveyor,South,PlantB,76.99,1.4,0.58
2024-02-23,Boiler,North,PlantC,90.7,2.89,0.12
2024-02-23,Generator,West,PlantB,89.84,4.02,0.9
2024-02-24,Compressor,East,PlantC,78.37,3.44,0.18
2024-02-24,Pump,East,PlantC,81.43,4.44,0.72
2024-02-24,Conveyor,South,PlantC,79.19,1.48,0.72
2024-02-24,Boiler,West,PlantC,78.19,0.19,0.57
2024-02-24,Generator,East,PlantA,70.29,3.86,0.64
2024-02-25,Compressor,North,PlantB,71.99,2.57,0.34
2024-02-25,Pump,South,PlantA,82.33,0.66,0.76
2024-02-25,Conveyor,East,PlantA,60.4,1.43,0.87
2024-02-25,Boiler,West,PlantB,96.86,2.73,0.01
2024-02-25,Generator,West,PlantC,81.51,4.62,0.32
2024-02-26,Compressor,North,PlantC,65.75,2.94,0.61
2024-02-26,Pump,West,PlantA,96.05,0.19,0.79
2024-02-26,Conveyor,East,PlantA,97.39,4.24,0.69
2024-02-26,Boiler,North,PlantA,82.88,1.66,0.53
2024-02-26,Generator,West,PlantC,99.71,3.64,0.77
2024-02-27,Compressor,North,PlantA,89.43,0.58,0.81
2024-02-27,Pump,South,PlantA,66.81,4.18,0.34
2024-02-27,Conveyor,North,PlantA,85.48,3.97,0.85
2024-02-27,Boiler,West,PlantC,74.35,2.89,0.07
2024-02-27,Generator,East,PlantB,67.48,0.39,0.15
2024-02-28,Compressor,North,PlantC,72.76,3.92,0.03
2024-02-28,Pump,North,PlantC,63.57,4.37,0.27
2024-02-28,Conveyor,West,PlantC,83.85,0.45,0.48
2024-02-28,Boiler,East,PlantA,64.61,0.75,0.79
2024-02-28,Generator,North,PlantC,86.16,2.91,0.3
2024-02-29,Compressor,South,PlantA,99.4,3.17,0.09
2024-02-29,Pump,West,PlantC,93.84,3.79,0.19
2024-02-29,Conveyor,West,PlantC,98.96,2.8,0.19
2024-02-29,Boiler,South,PlantB,82.31,4.66,0.18
2024-02-29,Generator,North,PlantC,82.9,0.19,0.94
2024-03-01,Compressor,East,PlantB,65.78,1.86,0.18
2024-03-01,Pump,East,PlantC,74.68,1.47,0.66
2024-03-01,Conveyor,West,PlantB,92.21,4.14,0.12
2024-03-01,Boiler,West,PlantC,82.55,4.93,0.67
2024-03-01,Generator,South,PlantB,77.45,4.29,0.74
2024-03-02,Compressor,East,PlantB,72.8,3.02,0.55
2024-03-02,Pump,East,PlantA,75.65,1.39,0.83
2024-03-02,Conveyor,North,PlantA,75.91,3.58,0.42
2024-03-02,Boiler,North,PlantA,99.16,1.88,0.45
2024-03-02,Generator,South,PlantC,88.91,2.04,0.54
2024-03-03,Compressor,West,PlantA,61.17,0.97,0.83
2024-03-03,Pump,East,PlantA,65.64,0.37,0.56
2024-03-03,Conveyor,South,PlantC,64.87,4.12,0.67
2024-03-03,Boiler,South,PlantC,60.41,1.8,0.54
2024-03-03,Generator,South,PlantB,96.41,3.34,0.24
2024-03-04,Compressor,West,PlantC,88.86,2.92,0.68
2024-03-04,Pump,South,PlantC,74.6,2.61,0.06
2024-03-04,Conveyor,East,PlantA,63.04,2.59,0.79
2024-03-04,Boiler,East,PlantA,85.34,3.69,0.66
2024-03-04,Generator,West,PlantC,88.05,4.06,0.36
2024-03-05,Compressor,East,PlantB,92.15,3.39,0.23
2024-03-05,Pump,West,PlantB,74.28,4.62,0.95
2024-03-05,Conveyor,North,PlantB,85.03,0.23,0.02
2024-03-05,Boiler,North,PlantB,71.97,2.69,0.25
2024-03-05,Generator,East,PlantB,98.83,1.85,0.79
2024-03-06,Compressor,South,PlantB,93.53,4.19,0.15
2024-03-06,Pump,East,PlantA,81.7,3.07,0.09
2024-03-06,Conveyor,North,PlantA,85.86,0.81,0.05
2024-03-06,Boiler,East,PlantB,62.3,4.8,0.7
2024-03-06,Generator,East,PlantB,73.9,1.94,0.03
2024-03-07,Compressor,East,PlantB,70.37,2.8,0.65
2024-03-07,Pump,West,PlantC,91.06,3.78,0.59
2024-03-07,Conveyor,North,PlantB,88.78,3.37,0.94
2024-03-07,Boiler,West,PlantC,69.77,1.69,0.51
2024-03-07,Generator,North,PlantB,92.1,0.96,0.92
2024-03-08,Compressor,South,PlantA,83.42,0.89,0.38
2024-03-08,Pump,South,PlantB,65.36,1.24,0.36
2024-03-08,Conveyor,North,PlantC,88.31,1.19,0.3
2024-03-08,Boiler,East,PlantC,80.89,2.22,0.48
2024-03-08,Generator,South,PlantC,90.84,2.83,0.9
2024-03-09,Compressor,West,PlantA,73.72,0.67,0.65
2024-03-09,Pump,West,PlantA,94.35,0.66,0.49
2024-03-09,Conveyor,South,PlantB,77.81,4.3,0.57
2024-03-09,Boiler,North,PlantA,76.56,0.85,0.07
2024-03-09,Generator,South,PlantC,94.35,4.12,0.25
2024-03-10,Compressor,South,PlantC,85.11,2.32,0.02
2024-03-10,Pump,East,PlantB,75.86,3.99,0.47
2024-03-10,Conveyor,East,PlantB,96.2,0.78,0.75
2024-03-10,Boiler,East,PlantA,77.01,0.25,0.71
2024-03-10,Generator,South,PlantA,67.89,2.84,0.8
2024-03-11,Compressor,South,PlantA,65.77,2.42,0.33
2024-03-11,Pump,East,PlantC,90.18,2.14,0.98
2024-03-11,Conveyor,East,PlantC,81.57,0.9,0.68
2024-03-11,Boiler,South,PlantA,99.52,0.26,0.15
2024-03-11,Generator,West,PlantA,73.99,1.5,0.61
2024-03-12,Compressor,East,PlantA,65.16,2.63,0.16
2024-03-12,Pump,North,PlantB,67.07,1.1,0.43
2024-03-12,Conveyor,North,PlantB,92.76,4.65,0.11
2024-03-12,Boiler,South,PlantA,93.63,1.27,0.26
2024-03-12,Generator,North,PlantA,85.99,3.49,0.26
2024-03-13,Compressor,West,PlantC,98.2,0.5,0.71
2024-03-13,Pump,East,PlantC,97.19,2.24,0.06
2024-03-13,Conveyor,North,PlantB,65.36,3.01,0.71
2024-03-13,Boiler,East,PlantA,83.24,2.61,0.68
2024-03-13,Generator,North,PlantA,74.3,4.51,0.37
2024-03-14,Compressor,East,PlantB,60.64,4.37,0.74
2024-03-14,Pump,West,PlantA,77.97,0.73,0.13
2024-03-14,Conveyor,North,PlantB,71.96,1.54,0.08
2024-03-14,Boiler,South,PlantB,62.68,1.74,0.81
2024-03-14,Generator,North,PlantB,99.16,3.98,0.27
2024-03-15,Compressor,East,PlantB,76.16,3.66,0.81
2024-03-15,Pump,South,PlantB,94.13,2.47,0.63
2024-03-15,Conveyor,North,PlantB,64.2,3.01,0.95
2024-03-15,Boiler,South,PlantB,86.02,3.67,0.02
2024-03-15,Generator,West,PlantC,70.07,2.55,0.92
2024-03-16,Compressor,West,PlantB,61.3,0.11,0.46
2024-03-16,Pump,East,PlantA,95.94,2.03,0.58
2024-03-16,Conveyor,South,PlantC,75.86,2.7,0.66
2024-03-16,Boiler,West,PlantB,67.84,2.64,0.85
2024-03-16,Generator,South,PlantB,72.1,1.78,0.16
2024-03-17,Compressor,South,PlantB,63.33,4.39,0.01
2024-03-17,Pump,West,PlantC,72.73,4.2,0.75
2024-03-17,Conveyor,West,PlantB,78.21,3.43,0.74
2024-03-17,Boiler,North,PlantC,74.72,3.88,0.8
2024-03-17,Generator,West,PlantC,65.95,0.23,0.74
2024-03-18,Compressor,South,PlantC,80.94,1.33,0.9
2024-03-18,Pump,West,PlantC,99.95,3.12,0.36
2024-03-18,Conveyor,East,PlantB,82.71,0.92,0.34
2024-03-18,Boiler,North,PlantB,80.71,4.66,0.6
2024-03-18,Generator,South,PlantA,76.04,0.72,0.13
2024-03-19,Compressor,East,PlantC,78.18,4.74,0.73
2024-03-19,Pump,East,PlantB,69.64,2.76,0.74
2024-03-19,Conveyor,West,PlantB,71.48,4.77,0.58
2024-03-19,Boiler,South,PlantB,78.27,4.21,0.0
2024-03-19,Generator,North,PlantC,72.96,2.74,0.72
2024-03-20,Compressor,South,PlantB,73.04,3.41,0.9
2024-03-20,Pump,South,PlantC,93.34,3.3,0.73
2024-03-20,Conveyor,North,PlantA,69.27,0.25,0.2
2024-03-20,Boiler,South,PlantC,85.52,3.01,0.86
2024-03-20,Generator,South,PlantA,88.31,2.08,0.81
2024-03-21,Compressor,South,PlantC,99.34,2.59,0.93
2024-03-21,Pump,South,PlantC,98.37,3.63,0.26
2024-03-21,Conveyor,North,PlantC,90.57,2.63,0.39
2024-03-21,Boiler,East,PlantA,92.95,1.92,0.63
2024-03-21,Generator,West,PlantA,69.56,2.3,0.01
2024-03-22,Compressor,East,PlantC,86.34,1.93,0.45
2024-03-22,Pump,East,PlantB,85.25,1.6,0.66
2024-03-22,Conveyor,West,PlantA,63.81,2.2,0.19
2024-03-22,Boiler,North,PlantA,91.2,0.69,0.18
2024-03-22,Generator,West,PlantA,64.68,4.88,0.51
2024-03-23,Compressor,West,PlantB,75.65,4.95,0.21
2024-03-23,Pump,West,PlantA,84.02,0.17,0.6
2024-03-23,Conveyor,South,PlantC,90.46,4.21,0.17
2024-03-23,Boiler,East,PlantB,65.24,2.47,0.63
2024-03-23,Generator,North,PlantA,90.04,1.6,0.14
2024-03-24,Compressor,West,PlantB,80.05,1.25,0.86
2024-03-24,Pump,North,PlantC,73.24,4.4,0.27
2024-03-24,Conveyor,East,PlantB,64.91,3.98,0.03
2024-03-24,Boiler,West,PlantC,80.01,0.69,0.27
2024-03-24,Generator,North,PlantA,86.36,3.24,0.73
2024-03-25,Compressor,East,PlantA,98.71,4.63,0.92
2024-03-25,Pump,East,PlantB,93.56,1.42,0.56
2024-03-25,Conveyor,South,PlantB,88.82,4.66,0.89
2024-03-25,Boiler,West,PlantB,62.78,0.75,0.71
2024-03-25,Generator,South,PlantC,97.74,3.01,0.17
2024-03-26,Compressor,West,PlantB,72.46,0.57,0.01
2024-03-26,Pump,South,PlantB,65.28,3.62,0.98
2024-03-26,Conveyor,West,PlantB,97.05,5.0,0.43
2024-03-26,Boiler,North,PlantB,80.87,0.53,0.87
2024-03-26,Generator,West,PlantC,75.23,0.19,0.97
2024-03-27,Compressor,South,PlantB,69.08,0.19,0.86
2024-03-27,Pump,South,PlantC,96.94,2.06,0.44
2024-03-27,Conveyor,North,PlantC,81.84,2.67,0.04
2024-03-27,Boiler,North,PlantB,79.0,3.12,0.98
2024-03-27,Generator,West,PlantB,94.19,2.62,0.17
2024-03-28,Compressor,West,PlantC,79.49,0.82,0.55
2024-03-28,Pump,West,PlantA,91.83,3.65,0.06
2024-03-28,Conveyor,North,PlantA,74.02,1.61,0.87
2024-03-28,Boiler,East,PlantA,97.39,1.16,0.02
2024-03-28,Generator,West,PlantB,70.79,3.28,0.51
2024-03-29,Compressor,East,PlantB,65.04,3.59,0.27
2024-03-29,Pump,East,PlantB,65.93,3.81,0.95
2024-03-29,Conveyor,East,PlantB,62.53,1.47,0.02
2024-03-29,Boiler,West,PlantB,75.07,3.45,0.77
2024-03-29,Generator,East,PlantB,69.25,3.88,0.55
2024-03-30,Compressor,West,PlantA,83.93,2.16,0.76
2024-03-30,Pump,North,PlantC,64.78,0.41,0.78
2024-03-30,Conveyor,North,PlantC,67.09,1.71,0.6
2024-03-30,Boiler,North,PlantB,81.08,4.35,0.4
2024-03-30,Generator,South,PlantA,75.69,3.28,0.98
2024-03-31,Compressor,North,PlantB,64.85,0.67,0.29
2024-03-31,Pump,West,PlantC,79.51,3.74,0.04
2024-03-31,Conveyor,South,PlantB,92.56,4.75,0.85
2024-03-31,Boiler,West,PlantA,92.51,0.31,0.81
2024-03-31,Generator,West,PlantC,65.12,3.16,0.26
2024-04-01,Compressor,West,PlantB,77.51,0.5,0.37
2024-04-01,Pump,West,PlantB,67.45,0.16,0.04
2024-04-01,Conveyor,West,PlantB,70.07,1.03,0.29
2024-04-01,Boiler,West,PlantC,97.37,4.4,0.09
2024-04-01,Generator,West,PlantB,80.47,4.02,0.75
2024-04-02,Compressor,South,PlantB,88.84,3.61,0.87
2024-04-02,Pump,North,PlantB,76.5,4.0,0.56
2024-04-02,Conveyor,North,PlantB,71.81,1.68,0.26
2024-04-02,Boiler,North,PlantC,91.06,2.11,0.35
2024-04-02,Generator,South,PlantB,92.92,4.98,0.26
2024-04-03,Compressor,East,PlantC,93.58,3.22,0.47
2024-04-03,Pump,East,PlantB,98.45,4.57,0.49
2024-04-03,Conveyor,East,PlantB,75.48,4.25,0.47
2024-04-03,Boiler,South,PlantB,97.68,4.88,0.26
2024-04-03,Generator,East,PlantB,84.57,0.84,0.29
2024-04-04,Compressor,South,PlantA,82.01,1.9,0.55
2024-04-04,Pump,West,PlantA,91.06,3.71,0.42
2024-04-04,Conveyor,West,PlantC,60.6,1.13,0.47
2024-04-04,Boiler,North,PlantA,78.17,0.11,0.67
2024-04-04,Generator,East,PlantC,99.48,2.41,0.54
2024-04-05,Compressor,North,PlantC,67.09,3.23,0.27
2024-04-05,Pump,South,PlantA,92.53,3.63,0.64
2024-04-05,Conveyor,West,PlantB,61.56,1.2,0.52
2024-04-05,Boiler,West,PlantC,84.28,4.04,0.18
2024-04-05,Generator,East,PlantC,73.87,3.4,0.89
2024-04-06,Compressor,East,PlantC,69.65,3.76,0.33
2024-04-06,Pump,West,PlantC,61.15,3.36,0.24
2024-04-06,Conveyor,West,PlantC,61.09,0.52,0.38
2024-04-06,Boiler,East,PlantA,96.33,4.38,0.21
2024-04-06,Generator,North,PlantB,97.17,1.66,0.74
2024-04-07,Compressor,South,PlantC,84.87,3.13,0.37
2024-04-07,Pump,West,PlantB,71.92,4.21,0.31
2024-04-07,Conveyor,South,PlantA,92.93,3.89,0.46
2024-04-07,Boiler,South,PlantC,78.8,3.33,0.72
2024-04-07,Generator,South,PlantA,88.4,3.83,0.57
2024-04-08,Compressor,West,PlantC,81.36,1.01,0.11
2024-04-08,Pump,South,PlantB,98.09,1.2,0.76
2024-04-08,Conveyor,East,PlantA,79.3,3.18,0.81
2024-04-08,Boiler,East,PlantA,66.44,4.27,0.49
2024-04-08,Generator,North,PlantC,78.78,1.81,0.04
2024-04-09,Compressor,South,PlantA,96.58,3.15,0.92
2024-04-09,Pump,North,PlantC,69.38,4.42,0.61
2024-04-09,Conveyor,East,PlantA,92.27,0.66,0.27
2024-04-09,Boiler,South,PlantB,82.12,3.67,0.46
2024-04-09,Generator,North,PlantA,61.92,1.86,0.48
2024-04-10,Compressor,South,PlantA,91.07,2.26,0.57
2024-04-10,Pump,East,PlantA,84.78,3.4,0.15
2024-04-10,Conveyor,North,PlantC,73.19,4.33,0.02
2024-04-10,Boiler,North,PlantA,61.37,0.88,0.85
2024-04-10,Generator,East,PlantA,81.31,2.4,0.89
2024-04-11,Compressor,West,PlantC,82.86,0.69,0.96
2024-04-11,Pump,South,PlantC,74.52,2.5,0.75
2024-04-11,Conveyor,East,PlantB,99.83,2.47,0.41
2024-04-11,Boiler,East,PlantA,80.37,3.6,0.99
2024-04-11,Generator,North,PlantA,61.79,1.93,0.43
2024-04-12,Compressor,West,PlantC,66.62,3.69,0.18
2024-04-12,Pump,East,PlantA,88.24,2.04,0.42
2024-04-12,Conveyor,East,PlantC,71.12,1.16,0.14
2024-04-12,Boiler,North,PlantA,72.06,2.63,0.28
2024-04-12,Generator,East,PlantC,94.5,1.87,0.69
2024-04-13,Compressor,East,PlantA,99.66,2.41,0.52
2024-04-13,Pump,North,PlantC,98.66,3.75,0.63
2024-04-13,Conveyor,South,PlantA,75.95,2.63,0.88
2024-04-13,Boiler,South,PlantC,90.27,1.34,0.38
2024-04-13,Generator,North,PlantB,70.31,4.48,0.56
2024-04-14,Compressor,East,PlantC,66.31,3.19,0.14
2024-04-14,Pump,North,PlantB,94.59,3.37,0.28
2024-04-14,Conveyor,East,PlantB,62.31,2.3,0.97
2024-04-14,Boiler,South,PlantB,60.83,0.46,0.24
2024-04-14,Generator,North,PlantB,65.13,2.03,0.73
2024-04-15,Compressor,West,PlantA,89.85,3.15,0.71
2024-04-15,Pump,North,PlantC,75.78,0.57,0.16
2024-04-15,Conveyor,South,PlantC,86.79,1.09,0.78
2024-04-15,Boiler,North,PlantA,74.29,1.86,0.41
2024-04-15,Generator,North,PlantA,62.33,0.69,0.5
2024-04-16,Compressor,East,PlantA,68.33,4.36,0.59
2024-04-16,Pump,East,PlantB,65.99,0.22,0.21
2024-04-16,Conveyor,East,PlantB,83.84,1.49,0.77
2024-04-16,Boiler,South,PlantC,92.22,3.15,0.4
2024-04-16,Generator,North,PlantB,99.8,3.1,0.14
2024-04-17,Compressor,South,PlantB,83.51,0.79,0.08
2024-04-17,Pump,North,PlantA,84.43,1.36,0.27
2024-04-17,Conveyor,West,PlantB,65.4,3.54,0.03
2024-04-17,Boiler,North,PlantC,61.88,1.49,0.72
2024-04-17,Generator,North,PlantB,99.37,3.3,0.75
2024-04-18,Compressor,North,PlantA,61.33,4.83,0.06
2024-04-18,Pump,West,PlantC,66.93,3.13,0.3
2024-04-18,Conveyor,East,PlantC,95.68,4.91,0.72
2024-04-18,Boiler,West,PlantA,72.41,3.39,0.75
2024-04-18,Generator,South,PlantB,74.47,2.27,0.71
2024-04-19,Compressor,South,PlantA,81.13,2.42,0.02
2024-04-19,Pump,West,PlantB,87.81,3.76,0.77
2024-04-19,Conveyor,North,PlantC,96.39,2.13,0.42
2024-04-19,Boiler,West,PlantC,96.46,0.71,0.62
2024-04-19,Generator,South,PlantC,80.74,4.34,0.47
2024-04-20,Compressor,East,PlantA,97.69,2.47,0.59
2024-04-20,Pump,North,PlantB,99.11,4.23,0.15
2024-04-20,Conveyor,South,PlantB,95.99,4.62,0.68
2024-04-20,Boiler,North,PlantA,94.56,3.87,0.65
2024-04-20,Generator,East,PlantB,99.75,0.11,0.94
2024-04-21,Compressor,South,PlantB,97.44,1.02,0.83
2024-04-21,Pump,South,PlantB,90.88,4.97,0.28
2024-04-21,Conveyor,East,PlantC,61.03,2.4,0.38
2024-04-21,Boiler,West,PlantC,76.71,3.1,0.21
2024-04-21,Generator,East,PlantB,86.59,2.44,0.02
2024-04-22,Compressor,West,PlantB,75.29,3.94,0.35
2024-04-22,Pump,East,PlantC,84.53,0.32,0.09
2024-04-22,Conveyor,East,PlantA,92.86,3.83,0.46
2024-04-22,Boiler,South,PlantC,81.32,3.55,0.24
2024-04-22,Generator,South,PlantA,94.15,0.27,0.34
2024-04-23,Compressor,South,PlantB,74.48,2.87,0.52
2024-04-23,Pump,South,PlantA,71.97,1.42,0.91
2024-04-23,Conveyor,East,PlantA,71.51,1.74,0.55
2024-04-23,Boiler,North,PlantC,78.93,4.16,0.21
2024-04-23,Generator,South,PlantB,97.75,4.85,0.44
2024-04-24,Compressor,South,PlantC,99.69,4.24,0.39
2024-04-24,Pump,North,PlantA,99.39,4.98,0.01
2024-04-24,Conveyor,East,PlantB,96.33,1.79,0.56
2024-04-24,Boiler,East,PlantA,70.26,3.71,0.08
2024-04-24,Generator,West,PlantB,80.64,0.41,0.31
2024-04-25,Compressor,North,PlantA,61.99,1.31,0.15
2024-04-25,Pump,South,PlantA,74.66,2.56,0.92
2024-04-25,Conveyor,South,PlantC,67.69,4.76,0.56
2024-04-25,Boiler,East,PlantB,80.24,3.52,0.2
2024-04-25,Generator,West,PlantA,99.03,0.37,0.1
2024-04-26,Compressor,South,PlantB,80.63,3.09,0.68
2024-04-26,Pump,South,PlantB,98.37,1.02,0.95
2024-04-26,Conveyor,East,PlantC,97.14,4.68,0.53
2024-04-26,Boiler,North,PlantC,69.82,2.29,0.73
2024-04-26,Generator,West,PlantB,99.93,4.89,0.98
2024-04-27,Compressor,North,PlantA,76.94,2.64,0.25
2024-04-27,Pump,North,PlantC,71.0,4.07,0.35
2024-04-27,Conveyor,East,PlantA,96.85,0.62,0.54
2024-04-27,Boiler,East,PlantA,64.46,1.25,0.57
2024-04-27,Generator,North,PlantA,72.16,0.84,0.68
2024-04-28,Compressor,North,PlantB,78.76,4.16,0.68
2024-04-28,Pump,East,PlantC,72.53,2.12,0.12
2024-04-28,Conveyor,West,PlantA,67.55,2.1,0.26
2024-04-28,Boiler,East,PlantA,83.59,2.47,0.33
2024-04-28,Generator,West,PlantB,60.18,0.17,0.31
2024-04-29,Compressor,South,PlantA,61.64,3.99,0.68
2024-04-29,Pump,North,PlantA,70.06,0.56,0.66
2024-04-29,Conveyor,East,PlantC,88.48,4.42,0.15
2024-04-29,Boiler,North,PlantC,89.32,0.72,0.61
2024-04-29,Generator,North,PlantC,89.74,2.38,0.99
2024-04-30,Compressor,South,PlantB,88.56,0.75,0.08
2024-04-30,Pump,West,PlantB,69.61,1.02,0.71
2024-04-30,Conveyor,East,PlantB,75.92,3.27,0.34
2024-04-30,Boiler,North,PlantA,90.88,1.01,0.32
2024-04-30,Generator,West,PlantC,68.23,4.92,0.93
2024-05-01,Compressor,East,PlantB,65.93,4.98,0.07
2024-05-01,Pump,North,PlantA,74.0,4.04,0.79
2024-05-01,Conveyor,North,PlantC,86.72,3.29,0.39
2024-05-01,Boiler,North,PlantB,94.12,0.26,0.39
2024-05-01,Generator,East,PlantA,67.82,2.27,0.73
2024-05-02,Compressor,North,PlantB,92.99,1.55,0.19
2024-05-02,Pump,South,PlantB,65.85,4.23,0.11
2024-05-02,Conveyor,West,PlantB,82.68,0.91,0.52
2024-05-02,Boiler,South,PlantA,81.64,3.86,0.17
2024-05-02,Generator,West,PlantA,66.25,1.11,0.95
2024-05-03,Compressor,West,PlantA,89.88,3.76,0.14
2024-05-03,Pump,East,PlantA,86.49,3.56,0.58
2024-05-03,Conveyor,North,PlantC,60.33,2.29,0.4
2024-05-03,Boiler,North,PlantA,62.11,3.19,0.37
2024-05-03,Generator,North,PlantA,74.96,3.37,0.57
2024-05-04,Compressor,East,PlantC,77.13,3.51,0.01
2024-05-04,Pump,South,PlantC,62.83,2.24,0.59
2024-05-04,Conveyor,West,PlantB,93.22,2.16,0.25
2024-05-04,Boiler,East,PlantC,95.47,2.57,0.25
2024-05-04,Generator,South,PlantA,78.75,3.56,0.96
2024-05-05,Compressor,North,PlantC,74.61,2.41,0.3
2024-05-05,Pump,North,PlantA,62.65,2.35,0.4
2024-05-05,Conveyor,North,PlantA,60.37,1.05,0.38
2024-05-05,Boiler,South,PlantC,65.84,0.73,0.62
2024-05-05,Generator,North,PlantA,73.12,3.18,0.45
2024-05-06,Compressor,South,PlantC,98.51,2.73,0.41
2024-05-06,Pump,East,PlantB,85.89,0.72,0.99
2024-05-06,Conveyor,North,PlantB,78.83,1.01,0.63
2024-05-06,Boiler,North,PlantB,72.52,4.66,0.18
2024-05-06,Generator,South,PlantA,81.13,3.85,0.8
2024-05-07,Compressor,West,PlantC,81.69,4.25,0.29
2024-05-07,Pump,East,PlantC,66.93,1.74,0.36
2024-05-07,Conveyor,East,PlantC,61.9,0.29,0.43
2024-05-07,Boiler,South,PlantC,81.06,2.07,0.73
2024-05-07,Generator,East,PlantC,86.78,1.84,0.84
2024-05-08,Compressor,West,PlantC,90.68,3.25,0.16
2024-05-08,Pump,North,PlantA,91.14,2.74,0.54
2024-05-08,Conveyor,West,PlantC,89.04,3.17,0.27
2024-05-08,Boiler,South,PlantB,84.64,4.78,0.51
2024-05-08,Generator,West,PlantB,87.34,1.58,0.22
2024-05-09,Compressor,West,PlantC,79.51,3.27,0.65
2024-05-09,Pump,East,PlantB,93.18,4.8,0.32
2024-05-09,Conveyor,South,PlantA,62.93,3.17,0.86
2024-05-09,Boiler,East,PlantA,65.46,1.06,0.94
2024-05-09,Generator,West,PlantA,83.31,4.84,0.72
2024-05-10,Compressor,South,PlantB,72.49,4.1,0.2
2024-05-10,Pump,West,PlantB,72.27,4.1,0.83
2024-05-10,Conveyor,East,PlantB,87.85,0.44,0.1
2024-05-10,Boiler,South,PlantB,99.9,1.23,0.6
2024-05-10,Generator,North,PlantC,86.28,4.94,0.08
2024-05-11,Compressor,North,PlantB,66.81,0.35,0.31
2024-05-11,Pump,North,PlantB,81.83,0.87,0.43
2024-05-11,Conveyor,South,PlantC,61.36,3.47,0.16
2024-05-11,Boiler,South,PlantA,93.28,2.28,0.59
2024-05-11,Generator,West,PlantC,69.19,2.57,0.16
2024-05-12,Compressor,West,PlantA,99.16,2.59,0.45
2024-05-12,Pump,North,PlantC,89.03,4.01,0.16
2024-05-12,Conveyor,North,PlantA,69.16,0.43,0.13
2024-05-12,Boiler,North,PlantA,86.67,2.88,0.24
2024-05-12,Generator,North,PlantB,61.76,2.63,0.87
2024-05-13,Compressor,West,PlantC,67.79,2.27,1.0
2024-05-13,Pump,West,PlantB,72.22,0.23,0.61
2024-05-13,Conveyor,East,PlantA,89.06,4.37,0.32
2024-05-13,Boiler,West,PlantA,99.89,2.52,0.81
2024-05-13,Generator,East,PlantA,68.77,4.59,0.98
2024-05-14,Compressor,South,PlantB,85.02,1.33,0.87
2024-05-14,Pump,North,PlantC,91.77,0.9,0.7
2024-05-14,Conveyor,East,PlantC,62.23,0.45,0.41
2024-05-14,Boiler,North,PlantC,79.17,4.13,0.55
2024-05-14,Generator,West,PlantC,88.89,1.89,0.29
2024-05-15,Compressor,East,PlantC,75.17,3.6,0.9
2024-05-15,Pump,South,PlantA,74.77,1.49,0.6
2024-05-15,Conveyor,West,PlantB,74.82,4.71,0.09
2024-05-15,Boiler,West,PlantC,71.0,1.86,0.31
2024-05-15,Generator,West,PlantC,79.31,4.31,0.4
2024-05-16,Compressor,East,PlantC,68.34,4.89,0.28
2024-05-16,Pump,North,PlantA,92.05,4.3,0.41
2024-05-16,Conveyor,East,PlantA,93.61,1.73,0.22
2024-05-16,Boiler,East,PlantB,61.33,1.66,0.98
2024-05-16,Generator,North,PlantA,66.91,4.55,0.83
2024-05-17,Compressor,North,PlantB,62.81,2.7,0.87
2024-05-17,Pump,South,PlantB,97.49,1.78,0.9
2024-05-17,Conveyor,South,PlantA,85.42,2.94,0.52
2024-05-17,Boiler,South,PlantB,78.1,1.55,0.43
2024-05-17,Generator,East,PlantC,76.88,3.31,0.55
2024-05-18,Compressor,East,PlantA,63.95,3.22,0.49
2024-05-18,Pump,South,PlantB,96.75,3.21,0.87
2024-05-18,Conveyor,South,PlantB,65.5,3.03,0.8
2024-05-18,Boiler,South,PlantB,60.4,2.36,0.77
2024-05-18,Generator,South,PlantB,97.01,1.47,0.8
2024-05-19,Compressor,West,PlantA,76.29,3.18,0.39
2024-05-19,Pump,West,PlantB,65.19,4.76,0.58
2024-05-19,Conveyor,East,PlantB,98.99,2.7,0.02
2024-05-19,Boiler,South,PlantB,80.6,1.34,0.49
2024-05-19,Generator,South,PlantC,82.65,3.63,0.3
2024-05-20,Compressor,East,PlantC,65.3,4.06,0.09
2024-05-20,Pump,South,PlantB,62.44,3.58,0.24
2024-05-20,Conveyor,North,PlantB,86.34,2.26,0.69
2024-05-20,Boiler,East,PlantA,97.47,2.71,0.15
2024-05-20,Generator,North,PlantA,70.61,2.39,0.47
2024-05-21,Compressor,West,PlantA,99.02,4.29,0.02
2024-05-21,Pump,North,PlantA,89.01,4.29,0.32
2024-05-21,Conveyor,East,PlantB,99.45,0.65,0.61
2024-05-21,Boiler,North,PlantA,71.37,1.66,0.65
2024-05-21,Generator,West,PlantA,99.13,0.51,0.94
2024-05-22,Compressor,West,PlantA,81.76,2.03,0.54
2024-05-22,Pump,East,PlantA,74.88,2.56,0.49
2024-05-22,Conveyor,West,PlantA,64.76,2.76,0.45
2024-05-22,Boiler,South,PlantB,62.05,0.26,0.13
2024-05-22,Generator,North,PlantB,67.92,2.68,0.25
2024-05-23,Compressor,South,PlantB,89.02,2.3,0.87
2024-05-23,Pump,West,PlantB,69.61,2.48,0.62
2024-05-23,Conveyor,South,PlantA,78.59,1.08,0.68
2024-05-23,Boiler,West,PlantB,93.36,2.68,0.51
2024-05-23,Generator,East,PlantA,67.41,4.75,0.75
2024-05-24,Compressor,South,PlantC,89.19,4.63,0.58
2024-05-24,Pump,North,PlantC,81.11,3.41,0.98
2024-05-24,Conveyor,South,PlantA,69.23,1.04,0.6
2024-05-24,Boiler,West,PlantC,96.41,4.95,0.22
2024-05-24,Generator,South,PlantB,69.47,3.52,0.02
2024-05-25,Compressor,East,PlantC,72.76,0.71,0.87
2024-05-25,Pump,East,PlantC,71.2,4.81,0.87
2024-05-25,Conveyor,South,PlantC,98.45,3.61,0.03
2024-05-25,Boiler,North,PlantB,77.55,3.22,0.39
2024-05-25,Generator,West,PlantC,76.87,1.4,0.67
2024-05-26,Compressor,West,PlantB,97.74,1.12,0.66
2024-05-26,Pump,West,PlantA,85.13,3.29,0.74
2024-05-26,Conveyor,East,PlantA,73.91,4.46,0.96
2024-05-26,Boiler,North,PlantB,67.47,1.59,0.55
2024-05-26,Generator,South,PlantA,90.08,0.44,0.54
2024-05-27,Compressor,North,PlantC,82.89,4.76,0.38
2024-05-27,Pump,North,PlantA,89.76,2.77,0.95
2024-05-27,Conveyor,West,PlantB,90.94,0.48,0.51
2024-05-27,Boiler,South,PlantC,92.32,1.95,0.93
2024-05-27,Generator,East,PlantC,70.44,3.84,0.72
2024-05-28,Compressor,West,PlantC,65.0,0.24,0.43
2024-05-28,Pump,South,PlantA,63.43,2.01,0.73
2024-05-28,Conveyor,South,PlantC,66.38,2.89,0.28
2024-05-28,Boiler,North,PlantA,60.24,2.65,0.14
2024-05-28,Generator,East,PlantC,85.38,0.93,0.54
2024-05-29,Compressor,East,PlantB,75.44,0.79,0.02
2024-05-29,Pump,South,PlantC,62.36,4.38,0.39
2024-05-29,Conveyor,South,PlantC,84.33,1.49,0.14
2024-05-29,Boiler,South,PlantB,90.66,1.65,0.23
2024-05-29,Generator,North,PlantC,77.95,2.83,0.54
2024-05-30,Compressor,South,PlantA,63.25,4.14,0.38
2024-05-30,Pump,South,PlantA,90.29,0.34,0.71
2024-05-30,Conveyor,North,PlantA,65.2,4.59,0.28
2024-05-30,Boiler,West,PlantA,86.45,2.98,0.18
2024-05-30,Generator,East,PlantB,87.0,4.55,0.91
2024-05-31,Compressor,West,PlantA,89.97,3.19,0.66
2024-05-31,Pump,South,PlantB,61.08,1.5,0.71
2024-05-31,Conveyor,South,PlantC,96.88,0.92,0.24
2024-05-31,Boiler,North,PlantB,93.81,4.05,0.16
2024-05-31,Generator,North,PlantC,86.11,3.56,0.87
2024-06-01,Compressor,West,PlantB,98.67,0.52,0.29
2024-06-01,Pump,West,PlantB,78.8,3.31,0.83
2024-06-01,Conveyor,North,PlantC,72.64,0.42,0.81
2024-06-01,Boiler,East,PlantC,98.39,0.91,0.87
2024-06-01,Generator,West,PlantC,86.36,3.55,0.06
2024-06-02,Compressor,East,PlantB,71.7,3.62,0.57
2024-06-02,Pump,East,PlantA,86.99,2.11,0.1
2024-06-02,Conveyor,South,PlantB,96.56,2.68,0.44
2024-06-02,Boiler,East,PlantB,94.42,4.23,0.76
2024-06-02,Generator,South,PlantC,71.12,0.1,0.15
2024-06-03,Compressor,North,PlantC,98.84,2.38,0.2
2024-06-03,Pump,East,PlantB,98.56,4.93,0.73
2024-06-03,Conveyor,South,PlantB,89.86,0.5,0.15
2024-06-03,Boiler,North,PlantA,62.68,4.74,0.32
2024-06-03,Generator,West,PlantA,88.74,2.24,0.86
2024-06-04,Compressor,East,PlantA,85.22,1.43,0.83
2024-06-04,Pump,West,PlantB,71.26,1.42,0.63
2024-06-04,Conveyor,North,PlantA,67.59,2.09,0.56
2024-06-04,Boiler,West,PlantA,68.17,2.0,0.82
2024-06-04,Generator,West,PlantC,61.8,1.98,0.82
2024-06-05,Compressor,West,PlantC,60.44,2.99,0.13
2024-06-05,Pump,South,PlantC,91.11,4.62,0.77
2024-06-05,Conveyor,North,PlantA,86.55,2.22,0.19
2024-06-05,Boiler,West,PlantA,86.4,4.5,0.41
2024-06-05,Generator,North,PlantA,83.22,3.02,0.86
2024-06-06,Compressor,West,PlantB,68.73,3.39,0.65
2024-06-06,Pump,North,PlantA,91.81,1.92,0.98
2024-06-06,Conveyor,North,PlantA,77.82,4.78,0.08
2024-06-06,Boiler,North,PlantA,63.58,0.2,0.17
2024-06-06,Generator,West,PlantB,85.82,2.27,0.98
2024-06-07,Compressor,West,PlantB,90.62,3.2,0.58
2024-06-07,Pump,East,PlantA,76.51,4.76,0.35
2024-06-07,Conveyor,East,PlantC,73.52,0.75,0.86
2024-06-07,Boiler,South,PlantC,71.74,4.87,0.95
2024-06-07,Generator,South,PlantC,90.02,2.75,0.1
2024-06-08,Compressor,South,PlantB,66.87,2.68,0.95
2024-06-08,Pump,West,PlantB,91.93,0.18,0.82
2024-06-08,Conveyor,North,PlantB,64.14,2.4,0.66
2024-06-08,Boiler,South,PlantC,76.96,0.42,0.63
2024-06-08,Generator,North,PlantA,75.86,3.82,0.61
2024-06-09,Compressor,North,PlantA,94.85,1.99,0.87
2024-06-09,Pump,South,PlantC,84.5,3.88,0.84
2024-06-09,Conveyor,North,PlantC,95.29,1.78,1.0
2024-06-09,Boiler,South,PlantC,78.13,0.63,0.26
2024-06-09,Generator,South,PlantA,78.6,4.21,0.26
2024-06-10,Compressor,South,PlantB,93.37,1.87,0.29
2024-06-10,Pump,East,PlantA,88.76,4.17,0.73
2024-06-10,Conveyor,North,PlantC,86.23,3.71,0.11
2024-06-10,Boiler,South,PlantB,90.84,2.15,0.13
2024-06-10,Generator,North,PlantB,87.16,2.57,0.33
2024-06-11,Compressor,North,PlantB,67.54,4.24,0.67
2024-06-11,Pump,East,PlantC,68.02,2.54,0.83
2024-06-11,Conveyor,East,PlantA,67.85,0.68,0.19
2024-06-11,Boiler,East,PlantB,97.9,1.8,0.07
2024-06-11,Generator,North,PlantB,71.69,4.13,0.35
2024-06-12,Compressor,East,PlantA,70.92,2.85,0.4
2024-06-12,Pump,East,PlantC,91.78,0.28,0.08
2024-06-12,Conveyor,North,PlantC,99.21,4.52,0.12
2024-06-12,Boiler,South,PlantC,78.65,0.36,0.28
2024-06-12,Generator,East,PlantA,64.62,1.11,0.39
2024-06-13,Compressor,West,PlantC,84.03,1.38,0.26
2024-06-13,Pump,West,PlantC,81.58,0.49,0.67
2024-06-13,Conveyor,West,PlantA,63.07,4.56,0.54
2024-06-13,Boiler,East,PlantA,82.69,0.77,0.38
2024-06-13,Generator,East,PlantC,89.96,1.47,0.49
2024-06-14,Compressor,North,PlantA,91.05,2.27,0.54
2024-06-14,Pump,North,PlantB,60.87,1.16,0.23
2024-06-14,Conveyor,West,PlantA,97.97,1.94,0.65
2024-06-14,Boiler,North,PlantC,87.15,3.91,0.29
2024-06-14,Generator,South,PlantC,97.57,4.01,0.95
2024-06-15,Compressor,South,PlantA,79.21,0.87,0.72
2024-06-15,Pump,North,PlantA,81.08,1.07,0.13
2024-06-15,Conveyor,South,PlantB,92.59,0.17,0.44
2024-06-15,Boiler,North,PlantC,93.42,1.09,0.9
2024-06-15,Generator,East,PlantA,80.54,0.36,0.71
2024-06-16,Compressor,West,PlantC,72.89,3.78,0.98
2024-06-16,Pump,East,PlantA,73.51,4.22,0.15
2024-06-16,Conveyor,West,PlantA,85.19,2.05,0.34
2024-06-16,Boiler,West,PlantC,65.31,2.1,0.08
2024-06-16,Generator,South,PlantC,82.32,3.32,0.89
2024-06-17,Compressor,West,PlantB,63.05,2.62,0.95
2024-06-17,Pump,North,PlantA,80.87,4.52,0.46
2024-06-17,Conveyor,East,PlantA,76.94,4.64,0.83
2024-06-17,Boiler,North,PlantB,86.27,1.38,0.87
2024-06-17,Generator,North,PlantC,63.99,0.48,0.42
2024-06-18,Compressor,South,PlantB,93.63,4.28,0.92
2024-06-18,Pump,West,PlantC,78.87,0.52,0.95
2024-06-18,Conveyor,South,PlantC,64.94,0.98,0.45
2024-06-18,Boiler,East,PlantB,76.84,2.95,0.05
2024-06-18,Generator,North,PlantA,81.34,1.89,0.98
2024-06-19,Compressor,West,PlantB,80.95,2.89,0.25
2024-06-19,Pump,East,PlantC,77.77,3.1,0.77
2024-06-19,Conveyor,North,PlantC,71.23,4.21,0.61
2024-06-19,Boiler,South,PlantC,99.35,0.35,0.41
2024-06-19,Generator,West,PlantA,79.7,2.28,0.86
2024-06-20,Compressor,East,PlantA,63.71,3.04,0.48
2024-06-20,Pump,East,PlantA,72.9,3.32,0.49
2024-06-20,Conveyor,East,PlantA,71.96,2.71,0.29
2024-06-20,Boiler,West,PlantC,64.23,2.47,0.47
2024-06-20,Generator,West,PlantB,93.19,3.92,0.77
2024-06-21,Compressor,East,PlantB,99.79,2.01,0.47
2024-06-21,Pump,North,PlantA,96.06,2.13,0.82
2024-06-21,Conveyor,South,PlantC,83.14,0.38,0.52
2024-06-21,Boiler,West,PlantB,74.35,1.08,0.13
2024-06-21,Generator,North,PlantC,82.65,2.61,0.59
2024-06-22,Compressor,South,PlantA,69.73,0.42,0.45
2024-06-22,Pump,West,PlantC,73.6,0.21,0.47
2024-06-22,Conveyor,East,PlantA,82.32,3.27,0.5
2024-06-22,Boiler,East,PlantC,89.97,0.44,0.77
2024-06-22,Generator,South,PlantB,76.24,3.97,0.32
2024-06-23,Compressor,West,PlantA,65.5,1.87,0.15
2024-06-23,Pump,East,PlantC,74.14,1.82,0.31
2024-06-23,Conveyor,East,PlantB,96.85,3.96,0.99
2024-06-23,Boiler,North,PlantC,72.19,1.7,0.79
2024-06-23,Generator,East,PlantB,99.81,3.44,0.67
2024-06-24,Compressor,North,PlantB,87.15,3.46,0.56
2024-06-24,Pump,North,PlantA,95.39,2.67,0.39
2024-06-24,Conveyor,North,PlantB,84.61,1.9,0.67
2024-06-24,Boiler,West,PlantC,75.66,2.95,0.04
2024-06-24,Generator,North,PlantB,69.64,2.68,0.91
2024-06-25,Compressor,North,PlantB,93.55,2.2,0.64
2024-06-25,Pump,South,PlantA,60.92,1.47,0.59
2024-06-25,Conveyor,North,PlantA,66.95,2.88,0.21
2024-06-25,Boiler,West,PlantC,60.78,2.65,0.2
2024-06-25,Generator,West,PlantC,92.43,0.14,0.12
2024-06-26,Compressor,West,PlantA,84.69,4.97,0.77
2024-06-26,Pump,East,PlantB,95.4,4.76,0.71
2024-06-26,Conveyor,North,PlantC,78.94,4.97,0.05
2024-06-26,Boiler,South,PlantB,85.74,0.16,0.83
2024-06-26,Generator,North,PlantC,73.77,2.21,0.97
2024-06-27,Compressor,East,PlantC,97.92,0.43,0.38
2024-06-27,Pump,West,PlantC,76.89,1.56,0.87
2024-06-27,Conveyor,East,PlantC,92.09,0.46,0.66
2024-06-27,Boiler,West,PlantC,83.57,1.25,0.82
2024-06-27,Generator,South,PlantB,72.13,2.87,0.07
2024-06-28,Compressor,South,PlantC,62.43,4.47,0.4
2024-06-28,Pump,West,PlantC,82.18,0.8,0.54
2024-06-28,Conveyor,North,PlantB,82.8,4.02,0.94
2024-06-28,Boiler,North,PlantA,99.69,4.17,0.66
2024-06-28,Generator,West,PlantC,87.53,2.62,0.93
2024-06-29,Compressor,South,PlantB,88.25,0.76,0.48
2024-06-29,Pump,South,PlantB,95.32,3.79,0.58
2024-06-29,Conveyor,West,PlantC,62.21,1.13,0.49
2024-06-29,Boiler,North,PlantB,89.28,0.74,0.36
2024-06-29,Generator,South,PlantC,60.55,3.86,0.19
2024-06-30,Compressor,West,PlantB,78.85,1.92,0.08
2024-06-30,Pump,North,PlantA,62.55,3.09,0.31
2024-06-30,Conveyor,North,PlantB,66.86,0.88,0.16
2024-06-30,Boiler,West,PlantC,74.96,4.65,0.37
2024-06-30,Generator,South,PlantA,70.18,2.08,0.49
2024-07-01,Compressor,East,PlantA,99.86,2.97,0.81
2024-07-01,Pump,North,PlantB,85.21,2.94,0.9
2024-07-01,Conveyor,North,PlantC,66.47,1.4,0.09
2024-07-01,Boiler,West,PlantC,72.33,0.55,0.19
2024-07-01,Generator,South,PlantA,64.73,4.64,0.06
2024-07-02,Compressor,East,PlantA,86.57,2.22,0.28
2024-07-02,Pump,West,PlantC,76.07,0.64,0.18
2024-07-02,Conveyor,North,PlantC,78.69,2.12,0.41
2024-07-02,Boiler,West,PlantC,67.54,3.73,0.91
2024-07-02,Generator,West,PlantB,79.2,2.45,0.2
2024-07-03,Compressor,South,PlantC,69.29,3.49,0.29
2024-07-03,Pump,North,PlantA,82.53,1.08,0.52
2024-07-03,Conveyor,North,PlantA,96.69,1.37,0.27
2024-07-03,Boiler,West,PlantC,93.31,1.7,0.35
2024-07-03,Generator,North,PlantB,85.98,3.94,0.75
2024-07-04,Compressor,West,PlantC,88.06,2.81,0.17
2024-07-04,Pump,North,PlantC,82.52,2.53,0.38
2024-07-04,Conveyor,East,PlantB,89.62,0.14,0.63
2024-07-04,Boiler,South,PlantB,63.39,1.16,0.97
2024-07-04,Generator,West,PlantA,83.01,3.11,0.31
2024-07-05,Compressor,East,PlantB,90.46,4.18,0.64
2024-07-05,Pump,North,PlantB,68.44,4.69,0.6
2024-07-05,Conveyor,East,PlantA,85.05,3.86,0.13
2024-07-05,Boiler,East,PlantC,84.55,0.49,0.7
2024-07-05,Generator,South,PlantA,77.84,1.13,0.55
2024-07-06,Compressor,East,PlantB,82.18,1.09,0.75
2024-07-06,Pump,South,PlantB,62.82,0.95,0.71
2024-07-06,Conveyor,North,PlantC,76.36,1.55,0.53
2024-07-06,Boiler,South,PlantC,67.14,4.21,0.04
2024-07-06,Generator,East,PlantB,69.2,4.51,0.97
2024-07-07,Compressor,West,PlantC,85.16,1.23,0.36
2024-07-07,Pump,West,PlantB,78.35,4.63,0.21
2024-07-07,Conveyor,South,PlantB,92.37,4.15,0.15
2024-07-07,Boiler,North,PlantB,92.4,1.29,0.75
2024-07-07,Generator,North,PlantC,79.68,0.91,0.99
2024-07-08,Compressor,East,PlantB,89.3,4.43,0.58
2024-07-08,Pump,South,PlantB,66.34,3.83,0.79
2024-07-08,Conveyor,East,PlantB,84.86,2.35,0.09
2024-07-08,Boiler,West,PlantB,72.64,2.56,0.5
2024-07-08,Generator,South,PlantC,83.06,2.07,0.58
2024-07-09,Compressor,North,PlantA,85.67,2.93,0.82
2024-07-09,Pump,North,PlantB,81.63,1.26,0.28
2024-07-09,Conveyor,West,PlantC,69.98,4.21,0.3
2024-07-09,Boiler,East,PlantA,75.06,0.83,0.38
2024-07-09,Generator,North,PlantB,72.9,1.08,0.95
2024-07-10,Compressor,West,PlantA,95.43,1.71,0.07
2024-07-10,Pump,North,PlantA,86.38,3.29,0.0
2024-07-10,Conveyor,North,PlantB,77.32,1.7,0.76
2024-07-10,Boiler,West,PlantC,65.13,3.26,0.33
2024-07-10,Generator,East,PlantB,67.34,3.55,0.84
2024-07-11,Compressor,North,PlantA,94.77,3.67,0.68
2024-07-11,Pump,North,PlantC,90.49,2.41,0.09
2024-07-11,Conveyor,South,PlantA,71.68,0.5,0.67
2024-07-11,Boiler,West,PlantB,62.48,2.56,0.55
2024-07-11,Generator,East,PlantA,98.66,4.39,0.68
2024-07-12,Compressor,West,PlantB,80.62,2.05,0.03
2024-07-12,Pump,West,PlantC,98.19,2.11,0.34
2024-07-12,Conveyor,West,PlantC,62.72,0.99,0.22
2024-07-12,Boiler,West,PlantC,61.59,2.92,0.69
2024-07-12,Generator,East,PlantC,91.87,3.12,0.04
2024-07-13,Compressor,North,PlantC,65.22,0.69,0.83
2024-07-13,Pump,North,PlantC,69.31,4.29,0.18
2024-07-13,Conveyor,South,PlantC,83.78,1.73,0.55
2024-07-13,Boiler,East,PlantC,94.4,0.15,0.65
2024-07-13,Generator,South,PlantC,99.53,3.63,0.29
2024-07-14,Compressor,East,PlantC,80.04,0.86,0.34
2024-07-14,Pump,West,PlantC,94.2,2.95,0.04
2024-07-14,Conveyor,West,PlantB,99.37,3.87,0.11
2024-07-14,Boiler,East,PlantB,77.45,0.75,0.72
2024-07-14,Generator,West,PlantC,94.65,0.63,0.2
2024-07-15,Compressor,South,PlantA,77.94,0.39,0.34
2024-07-15,Pump,South,PlantB,94.71,1.89,0.03
2024-07-15,Conveyor,West,PlantA,87.52,4.85,0.49
2024-07-15,Boiler,West,PlantA,64.98,0.13,0.95
2024-07-15,Generator,South,PlantC,83.63,1.86,0.92
2024-07-16,Compressor,South,PlantC,75.19,1.34,0.55
2024-07-16,Pump,North,PlantA,88.65,1.39,0.91
2024-07-16,Conveyor,East,PlantB,97.07,3.18,0.5
2024-07-16,Boiler,South,PlantC,82.93,0.22,0.19
2024-07-16,Generator,East,PlantC,93.77,3.86,0.17
2024-07-17,Compressor,West,PlantA,82.5,4.37,0.48
2024-07-17,Pump,South,PlantB,62.7,1.54,0.33
2024-07-17,Conveyor,South,PlantB,74.31,3.78,0.27
2024-07-17,Boiler,North,PlantC,61.33,1.5,0.76
2024-07-17,Generator,West,PlantC,76.05,3.09,0.01
2024-07-18,Compressor,North,PlantB,88.48,4.92,0.05
2024-07-18,Pump,East,PlantC,63.1,4.64,0.86
2024-07-18,Conveyor,North,PlantC,91.05,0.72,0.46
2024-07-18,Boiler,West,PlantB,64.16,2.93,0.52
2024-07-18,Generator,North,PlantB,78.97,3.24,0.64
2024-07-19,Compressor,West,PlantB,68.14,4.88,0.52
2024-07-19,Pump,West,PlantA,72.68,1.6,0.13
2024-07-19,Conveyor,West,PlantC,82.03,3.16,0.9
2024-07-19,Boiler,South,PlantA,94.68,1.8,0.99
2024-07-19,Generator,East,PlantC,99.62,1.44,0.03
2024-07-20,Compressor,North,PlantC,64.99,0.27,0.9
2024-07-20,Pump,East,PlantA,74.86,4.15,0.78
2024-07-20,Conveyor,West,PlantA,68.97,0.24,0.8
2024-07-20,Boiler,North,PlantC,74.7,2.12,0.95
2024-07-20,Generator,South,PlantB,61.16,2.85,0.52
2024-07-21,Compressor,North,PlantC,63.25,1.35,0.04
2024-07-21,Pump,East,PlantB,91.43,4.54,0.13
2024-07-21,Conveyor,North,PlantB,92.7,4.82,0.53
2024-07-21,Boiler,North,PlantB,99.0,2.52,0.98
2024-07-21,Generator,South,PlantA,93.04,4.16,0.98
2024-07-22,Compressor,West,PlantB,79.14,3.81,0.7
2024-07-22,Pump,North,PlantA,85.26,3.57,0.77
2024-07-22,Conveyor,North,PlantB,96.92,4.49,0.64
2024-07-22,Boiler,West,PlantB,88.66,1.97,0.6
2024-07-22,Generator,North,PlantA,88.16,4.3,0.73
2024-07-23,Compressor,East,PlantC,89.8,2.6,0.9
2024-07-23,Pump,East,PlantA,60.42,3.54,0.24
2024-07-23,Conveyor,East,PlantC,87.25,1.53,0.01
2024-07-23,Boiler,North,PlantB,69.25,1.05,0.25
2024-07-23,Generator,West,PlantA,78.47,0.25,0.67
2024-07-24,Compressor,North,PlantC,60.41,1.48,0.17
2024-07-24,Pump,South,PlantA,61.6,2.24,0.46
2024-07-24,Conveyor,North,PlantA,95.92,3.54,0.04
2024-07-24,Boiler,North,PlantB,88.58,3.85,0.16
2024-07-24,Generator,North,PlantC,65.86,0.3,0.76
2024-07-25,Compressor,East,PlantB,66.19,0.24,0.48
2024-07-25,Pump,East,PlantC,97.9,4.36,0.51
2024-07-25,Conveyor,East,PlantC,77.01,4.11,0.66
2024-07-25,Boiler,North,PlantC,79.65,3.02,0.39
2024-07-25,Generator,East,PlantB,86.65,2.58,0.04
2024-07-26,Compressor,North,PlantB,82.1,3.58,0.07
2024-07-26,Pump,North,PlantC,94.37,1.91,0.5
2024-07-26,Conveyor,West,PlantC,61.23,2.96,0.25
2024-07-26,Boiler,East,PlantA,99.88,0.55,0.28
2024-07-26,Generator,East,PlantC,74.52,3.78,0.37
2024-07-27,Compressor,West,PlantB,69.95,3.25,0.98
2024-07-27,Pump,West,PlantB,60.86,2.73,0.17
2024-07-27,Conveyor,South,PlantC,95.48,4.56,0.49
2024-07-27,Boiler,North,PlantB,67.55,0.52,0.47
2024-07-27,Generator,South,PlantB,98.77,0.28,0.07
2024-07-28,Compressor,North,PlantB,61.71,1.75,0.68
2024-07-28,Pump,North,PlantC,85.18,1.26,0.21
2024-07-28,Conveyor,East,PlantB,92.73,3.75,0.43
2024-07-28,Boiler,North,PlantA,96.32,2.0,0.02
2024-07-28,Generator,East,PlantB,78.0,4.93,0.7
2024-07-29,Compressor,East,PlantC,77.72,2.59,0.94
2024-07-29,Pump,East,PlantB,94.8,4.46,0.81
2024-07-29,Conveyor,North,PlantA,89.72,0.8,0.75
2024-07-29,Boiler,South,PlantC,76.9,4.2,0.8
2024-07-29,Generator,West,PlantA,93.28,1.85,0.13
2024-07-30,Compressor,East,PlantA,68.66,3.26,0.53
2024-07-30,Pump,West,PlantC,90.78,4.74,0.53
2024-07-30,Conveyor,North,PlantB,96.61,1.03,0.61
2024-07-30,Boiler,East,PlantA,70.2,3.23,0.46
2024-07-30,Generator,North,PlantA,97.26,3.89,0.56
2024-07-31,Compressor,West,PlantB,71.37,3.5,0.56
2024-07-31,Pump,North,PlantB,83.73,3.01,0.67
2024-07-31,Conveyor,South,PlantB,86.78,1.69,0.92
2024-07-31,Boiler,West,PlantB,90.69,4.51,0.04
2024-07-31,Generator,West,PlantA,82.1,0.21,0.54
2024-08-01,Compressor,North,PlantB,80.39,2.75,0.74
2024-08-01,Pump,East,PlantC,86.73,3.0,0.36
2024-08-01,Conveyor,North,PlantB,84.54,1.83,0.93
2024-08-01,Boiler,West,PlantB,84.71,2.32,0.24
2024-08-01,Generator,North,PlantB,95.0,0.79,0.28
2024-08-02,Compressor,East,PlantA,62.41,4.33,0.06
2024-08-02,Pump,East,PlantB,94.22,0.3,0.28
2024-08-02,Conveyor,East,PlantB,73.13,0.37,0.72
2024-08-02,Boiler,North,PlantC,93.16,4.36,0.21
2024-08-02,Generator,East,PlantC,99.51,2.39,0.28
2024-08-03,Compressor,North,PlantB,60.62,3.63,0.4
2024-08-03,Pump,North,PlantB,83.68,1.7,0.95
2024-08-03,Conveyor,South,PlantB,82.43,1.35,0.82
2024-08-03,Boiler,West,PlantB,92.41,4.15,0.07
2024-08-03,Generator,South,PlantC,67.7,2.09,0.27
2024-08-04,Compressor,West,PlantC,98.73,4.36,0.73
2024-08-04,Pump,North,PlantC,95.94,4.53,0.68
2024-08-04,Conveyor,North,PlantA,97.88,0.66,0.02
2024-08-04,Boiler,North,PlantB,71.55,0.9,0.65
2024-08-04,Generator,West,PlantC,69.05,3.88,0.77
2024-08-05,Compressor,North,PlantB,86.34,4.77,0.3
2024-08-05,Pump,North,PlantC,64.12,2.01,0.64
2024-08-05,Conveyor,East,PlantA,63.66,4.12,0.47
2024-08-05,Boiler,East,PlantB,86.49,4.23,0.34
2024-08-05,Generator,South,PlantB,64.77,3.05,0.45
2024-08-06,Compressor,East,PlantB,87.46,1.21,0.7
2024-08-06,Pump,East,PlantC,66.18,4.85,0.26
2024-08-06,Conveyor,West,PlantA,74.16,2.85,0.85
2024-08-06,Boiler,North,PlantB,87.84,3.42,0.7
2024-08-06,Generator,West,PlantB,73.74,0.37,0.21
2024-08-07,Compressor,West,PlantC,83.52,1.42,0.44
2024-08-07,Pump,South,PlantA,83.19,1.96,0.45
2024-08-07,Conveyor,South,PlantB,91.8,3.82,0.61
2024-08-07,Boiler,West,PlantC,61.68,0.53,0.59
2024-08-07,Generator,East,PlantC,61.38,1.46,0.23
2024-08-08,Compressor,East,PlantB,80.97,4.59,0.21
2024-08-08,Pump,South,PlantA,90.95,3.83,0.66
2024-08-08,Conveyor,South,PlantA,98.32,1.15,0.95
2024-08-08,Boiler,North,PlantC,65.47,3.56,0.27
2024-08-08,Generator,South,PlantC,67.9,3.03,0.92
2024-08-09,Compressor,South,PlantA,96.77,1.56,0.05
2024-08-09,Pump,North,PlantB,69.1,3.78,0.38
2024-08-09,Conveyor,West,PlantA,95.79,0.94,0.29
2024-08-09,Boiler,East,PlantB,87.74,2.6,0.5
2024-08-09,Generator,North,PlantA,60.44,4.83,0.16
2024-08-10,Compressor,North,PlantB,80.57,4.71,0.25
2024-08-10,Pump,South,PlantB,92.46,1.68,0.3
2024-08-10,Conveyor,West,PlantB,98.1,0.43,0.18
2024-08-10,Boiler,North,PlantB,64.32,4.63,0.96
2024-08-10,Generator,North,PlantC,79.95,2.8,0.54
2024-08-11,Compressor,North,PlantA,88.36,1.27,0.39
2024-08-11,Pump,East,PlantB,73.04,0.27,0.32
2024-08-11,Conveyor,South,PlantA,74.33,1.96,0.72
2024-08-11,Boiler,West,PlantA,89.05,2.63,0.27
2024-08-11,Generator,West,PlantB,94.06,4.44,0.79
2024-08-12,Compressor,North,PlantC,97.1,2.57,0.81
2024-08-12,Pump,North,PlantB,98.71,0.27,0.73
2024-08-12,Conveyor,South,PlantB,61.06,3.92,0.75
2024-08-12,Boiler,East,PlantC,89.6,4.22,0.19
2024-08-12,Generator,West,PlantA,66.18,2.25,0.73
2024-08-13,Compressor,South,PlantC,96.05,4.7,0.74
2024-08-13,Pump,East,PlantC,80.83,4.53,0.62
2024-08-13,Conveyor,East,PlantB,96.31,3.68,0.44
2024-08-13,Boiler,East,PlantC,63.06,3.61,0.76
2024-08-13,Generator,East,PlantA,96.52,0.63,0.4
2024-08-14,Compressor,South,PlantC,65.21,2.89,0.27
2024-08-14,Pump,North,PlantB,89.26,4.47,0.98
2024-08-14,Conveyor,West,PlantB,64.69,3.28,0.24
2024-08-14,Boiler,West,PlantC,71.11,1.48,0.87
2024-08-14,Generator,South,PlantC,65.88,2.74,0.12
2024-08-15,Compressor,West,PlantB,65.77,3.54,0.25
2024-08-15,Pump,North,PlantC,83.91,1.01,0.15
2024-08-15,Conveyor,East,PlantB,63.15,3.27,0.06
2024-08-15,Boiler,South,PlantA,64.3,4.27,0.32
2024-08-15,Generator,South,PlantA,86.17,0.98,0.22
2024-08-16,Compressor,West,PlantB,66.36,3.73,0.98
2024-08-16,Pump,South,PlantC,65.06,0.66,0.29
2024-08-16,Conveyor,West,PlantA,94.6,4.51,0.86
2024-08-16,Boiler,South,PlantB,74.0,3.14,0.32
2024-08-16,Generator,South,PlantA,67.39,1.93,0.69
2024-08-17,Compressor,North,PlantB,69.29,3.7,0.73
2024-08-17,Pump,North,PlantC,84.21,0.7,0.51
2024-08-17,Conveyor,South,PlantA,97.83,0.35,0.81
2024-08-17,Boiler,South,PlantC,77.16,0.2,0.35
2024-08-17,Generator,North,PlantC,95.95,1.26,0.63
2024-08-18,Compressor,South,PlantC,96.39,2.03,0.78
2024-08-18,Pump,West,PlantA,66.86,1.91,0.04
2024-08-18,Conveyor,East,PlantB,89.12,2.56,0.11
2024-08-18,Boiler,South,PlantB,67.11,0.3,0.42
2024-08-18,Generator,South,PlantB,67.55,4.8,0.68
2024-08-19,Compressor,East,PlantC,80.25,1.24,0.77
2024-08-19,Pump,East,PlantB,64.23,3.23,0.21
2024-08-19,Conveyor,South,PlantA,67.33,1.42,0.85
2024-08-19,Boiler,South,PlantA,71.95,4.53,0.76
2024-08-19,Generator,East,PlantB,89.5,2.23,0.9
2024-08-20,Compressor,South,PlantA,77.09,0.82,0.56
2024-08-20,Pump,South,PlantC,72.38,2.07,0.15
2024-08-20,Conveyor,North,PlantC,75.76,3.08,0.54
2024-08-20,Boiler,South,PlantA,90.3,2.77,0.33
2024-08-20,Generator,North,PlantC,92.84,3.39,0.08
2024-08-21,Compressor,South,PlantC,93.0,4.57,0.59
2024-08-21,Pump,North,PlantA,65.67,0.33,0.34
2024-08-21,Conveyor,South,PlantC,99.95,1.27,0.26
2024-08-21,Boiler,West,PlantA,66.59,4.9,0.96
2024-08-21,Generator,North,PlantC,92.73,4.09,0.84
2024-08-22,Compressor,South,PlantB,98.68,2.25,0.36
2024-08-22,Pump,North,PlantA,60.76,3.59,0.01
2024-08-22,Conveyor,West,PlantB,88.18,0.91,0.13
2024-08-22,Boiler,East,PlantA,62.35,4.3,0.28
2024-08-22,Generator,North,PlantB,96.23,3.09,0.69
2024-08-23,Compressor,North,PlantA,71.73,1.04,0.31
2024-08-23,Pump,East,PlantA,85.29,2.21,0.81
2024-08-23,Conveyor,North,PlantA,81.73,4.16,0.88
2024-08-23,Boiler,West,PlantC,98.42,1.62,0.48
2024-08-23,Generator,West,PlantB,76.67,4.41,0.23
2024-08-24,Compressor,West,PlantC,79.29,4.53,0.37
2024-08-24,Pump,South,PlantC,79.27,1.44,0.65
2024-08-24,Conveyor,East,PlantC,92.44,3.12,0.48
2024-08-24,Boiler,South,PlantA,84.75,0.47,0.65
2024-08-24,Generator,North,PlantA,67.36,2.19,0.05
2024-08-25,Compressor,West,PlantA,74.71,1.59,0.01
2024-08-25,Pump,South,PlantB,78.05,3.73,0.74
2024-08-25,Conveyor,South,PlantB,74.31,0.16,0.45
2024-08-25,Boiler,North,PlantB,60.42,2.83,0.81
2024-08-25,Generator,East,PlantC,87.08,0.67,0.62
2024-08-26,Compressor,North,PlantB,60.0,3.62,0.74
2024-08-26,Pump,East,PlantC,79.88,1.83,0.84
2024-08-26,Conveyor,North,PlantC,85.46,0.7,0.04
2024-08-26,Boiler,West,PlantA,76.62,3.22,0.22
2024-08-26,Generator,North,PlantB,96.08,3.45,0.63
2024-08-27,Compressor,West,PlantA,86.95,2.94,0.97
2024-08-27,Pump,East,PlantC,94.4,0.47,0.32
2024-08-27,Conveyor,South,PlantB,67.75,4.94,0.78
2024-08-27,Boiler,North,PlantC,88.32,4.72,0.93
2024-08-27,Generator,West,PlantB,99.07,2.86,0.87
2024-08-28,Compressor,West,PlantB,84.08,2.46,0.19
2024-08-28,Pump,North,PlantA,98.49,2.55,0.15
2024-08-28,Conveyor,North,PlantA,79.7,3.0,0.67
2024-08-28,Boiler,West,PlantB,69.73,3.27,0.6
2024-08-28,Generator,North,PlantA,75.95,1.91,0.77
2024-08-29,Compressor,West,PlantB,80.74,4.98,0.19
2024-08-29,Pump,West,PlantB,72.19,1.23,0.3
2024-08-29,Conveyor,North,PlantB,81.76,2.47,0.85
2024-08-29,Boiler,West,PlantA,98.76,1.02,0.36
2024-08-29,Generator,East,PlantA,87.22,4.12,0.5
2024-08-30,Compressor,North,PlantA,63.11,0.22,0.72
2024-08-30,Pump,West,PlantB,61.23,3.42,0.68
2024-08-30,Conveyor,South,PlantB,62.29,3.6,0.61
2024-08-30,Boiler,East,PlantB,90.79,1.82,0.42
2024-08-30,Generator,North,PlantC,80.29,3.76,0.78
2024-08-31,Compressor,South,PlantC,92.14,3.97,0.73
2024-08-31,Pump,East,PlantB,74.73,0.65,0.95
2024-08-31,Conveyor,West,PlantC,77.66,3.89,0.91
2024-08-31,Boiler,North,PlantC,77.6,0.6,0.73
2024-08-31,Generator,North,PlantA,85.17,0.8,0.28
2024-09-01,Compressor,West,PlantA,99.55,3.92,0.08
2024-09-01,Pump,South,PlantB,69.06,1.55,0.55
2024-09-01,Conveyor,North,PlantB,87.3,3.28,0.05
2024-09-01,Boiler,North,PlantC,89.04,3.39,0.21
2024-09-01,Generator,South,PlantB,72.58,4.85,0.0
2024-09-02,Compressor,East,PlantC,61.22,0.43,0.57
2024-09-02,Pump,South,PlantC,75.86,0.94,0.67
2024-09-02,Conveyor,East,PlantA,83.97,2.89,0.43
2024-09-02,Boiler,West,PlantA,91.97,0.76,0.35
2024-09-02,Generator,West,PlantA,66.1,0.4,0.02
2024-09-03,Compressor,North,PlantA,78.53,2.07,0.18
2024-09-03,Pump,North,PlantA,89.64,3.62,0.45
2024-09-03,Conveyor,North,PlantA,99.14,1.86,0.36
2024-09-03,Boiler,West,PlantC,91.75,1.26,0.95
2024-09-03,Generator,South,PlantC,92.52,1.37,0.05
2024-09-04,Compressor,West,PlantB,66.58,1.39,0.58
2024-09-04,Pump,East,PlantA,94.41,4.59,0.16
2024-09-04,Conveyor,South,PlantB,93.72,1.76,0.97
2024-09-04,Boiler,South,PlantB,77.7,3.46,0.42
2024-09-04,Generator,South,PlantA,70.4,4.63,0.64
2024-09-05,Compressor,North,PlantA,64.71,3.41,0.85
2024-09-05,Pump,West,PlantB,78.49,0.21,0.03
2024-09-05,Conveyor,South,PlantC,84.73,3.79,0.52
2024-09-05,Boiler,North,PlantB,69.62,0.87,0.96
2024-09-05,Generator,South,PlantB,87.7,3.78,0.34
2024-09-06,Compressor,East,PlantC,67.9,0.28,0.98
2024-09-06,Pump,West,PlantB,82.36,3.24,0.55
2024-09-06,Conveyor,East,PlantC,60.41,2.88,0.15
2024-09-06,Boiler,South,PlantB,70.64,4.31,0.83
2024-09-06,Generator,South,PlantB,78.3,3.17,0.15
2024-09-07,Compressor,West,PlantA,78.09,0.21,0.95
2024-09-07,Pump,West,PlantA,70.2,4.56,0.33
2024-09-07,Conveyor,North,PlantB,60.64,3.67,0.06
2024-09-07,Boiler,West,PlantA,64.79,3.32,0.19
2024-09-07,Generator,West,PlantB,78.1,4.57,0.91
2024-09-08,Compressor,East,PlantC,70.01,3.58,0.9
2024-09-08,Pump,East,PlantC,68.09,4.23,0.68
2024-09-08,Conveyor,North,PlantC,91.56,1.91,0.58
2024-09-08,Boiler,East,PlantA,68.36,3.07,0.41
2024-09-08,Generator,South,PlantA,64.23,3.59,0.6
2024-09-09,Compressor,North,PlantB,67.69,0.46,0.5
2024-09-09,Pump,East,PlantB,83.86,0.14,0.49
2024-09-09,Conveyor,South,PlantA,61.36,3.44,0.75
2024-09-09,Boiler,North,PlantC,71.06,1.63,0.31
2024-09-09,Generator,East,PlantB,71.94,3.78,0.22
2024-09-10,Compressor,East,PlantB,75.9,1.21,0.3
2024-09-10,Pump,North,PlantC,70.99,4.77,0.3
2024-09-10,Conveyor,North,PlantA,99.71,1.23,0.38
2024-09-10,Boiler,East,PlantA,88.98,4.03,0.34
2024-09-10,Generator,South,PlantA,67.86,0.23,0.55
2024-09-11,Compressor,South,PlantB,94.01,3.0,0.48
2024-09-11,Pump,East,PlantC,83.5,4.23,0.98
2024-09-11,Conveyor,West,PlantB,84.43,4.16,0.7
2024-09-11,Boiler,South,PlantB,75.64,4.07,0.09
2024-09-11,Generator,East,PlantC,70.97,0.59,0.92
2024-09-12,Compressor,West,PlantC,70.13,2.06,0.32
2024-09-12,Pump,South,PlantC,81.58,3.16,0.24
2024-09-12,Conveyor,East,PlantC,64.44,0.8,0.55
2024-09-12,Boiler,North,PlantA,87.09,0.22,0.88
2024-09-12,Generator,West,PlantB,63.86,2.38,0.24
2024-09-13,Compressor,East,PlantA,77.44,0.42,0.35
2024-09-13,Pump,West,PlantB,66.93,4.61,0.32
2024-09-13,Conveyor,North,PlantA,85.12,3.4,0.53
2024-09-13,Boiler,South,PlantA,74.56,4.51,0.38
2024-09-13,Generator,South,PlantC,80.46,0.47,0.47
2024-09-14,Compressor,South,PlantA,79.2,0.75,0.49
2024-09-14,Pump,South,PlantC,91.53,2.03,0.35
2024-09-14,Conveyor,South,PlantB,64.51,2.41,0.8
2024-09-14,Boiler,East,PlantC,81.76,2.78,0.65
2024-09-14,Generator,East,PlantA,79.43,3.36,0.49
2024-09-15,Compressor,East,PlantC,62.62,0.9,0.37
2024-09-15,Pump,North,PlantC,67.35,4.65,0.72
2024-09-15,Conveyor,East,PlantA,93.4,4.35,0.72
2024-09-15,Boiler,North,PlantC,71.7,2.72,0.68
2024-09-15,Generator,West,PlantC,75.44,1.75,0.54
2024-09-16,Compressor,South,PlantA,72.56,1.89,0.99
2024-09-16,Pump,North,PlantA,70.76,3.51,0.22
2024-09-16,Conveyor,South,PlantA,61.55,2.39,0.24
2024-09-16,Boiler,West,PlantC,75.59,1.6,0.77
2024-09-16,Generator,South,PlantB,65.07,3.29,0.43
2024-09-17,Compressor,West,PlantC,78.35,3.21,0.94
2024-09-17,Pump,South,PlantC,85.21,2.63,0.19
2024-09-17,Conveyor,West,PlantC,90.76,0.68,0.87
2024-09-17,Boiler,North,PlantA,83.16,1.27,0.63
2024-09-17,Generator,North,PlantC,68.94,0.9,0.51
2024-09-18,Compressor,South,PlantC,78.72,1.28,0.31
2024-09-18,Pump,South,PlantA,95.26,4.2,0.96
2024-09-18,Conveyor,East,PlantA,69.27,3.31,0.34
2024-09-18,Boiler,West,PlantB,70.97,4.7,0.17
2024-09-18,Generator,East,PlantB,83.47,1.79,0.52
2024-09-19,Compressor,South,PlantC,99.7,0.97,0.38
2024-09-19,Pump,West,PlantC,85.42,0.28,0.19
2024-09-19,Conveyor,East,PlantC,90.96,4.23,0.93
2024-09-19,Boiler,North,PlantB,67.59,2.83,0.63
2024-09-19,Generator,North,PlantC,79.3,4.54,0.48
2024-09-20,Compressor,West,PlantA,75.42,4.69,0.57
2024-09-20,Pump,East,PlantB,94.69,0.31,0.53
2024-09-20,Conveyor,North,PlantB,97.96,0.33,0.97
2024-09-20,Boiler,West,PlantB,86.31,4.92,0.15
2024-09-20,Generator,East,PlantA,62.04,2.63,0.87
2024-09-21,Compressor,North,PlantC,74.84,1.66,0.66
2024-09-21,Pump,East,PlantB,88.28,1.96,0.84
2024-09-21,Conveyor,North,PlantB,83.76,3.99,0.13
2024-09-21,Boiler,West,PlantA,87.76,0.5,0.88
2024-09-21,Generator,East,PlantA,67.19,4.2,0.12
2024-09-22,Compressor,South,PlantC,82.3,2.14,0.34
2024-09-22,Pump,South,PlantC,90.44,0.66,0.07
2024-09-22,Conveyor,West,PlantC,99.02,1.18,0.49
2024-09-22,Boiler,North,PlantC,69.34,1.21,0.92
2024-09-22,Generator,North,PlantC,91.4,1.59,0.85
2024-09-23,Compressor,East,PlantB,76.17,4.93,0.42
2024-09-23,Pump,East,PlantC,85.08,1.28,0.46
2024-09-23,Conveyor,East,PlantA,78.1,0.4,0.26
2024-09-23,Boiler,North,PlantA,91.88,1.43,0.72
2024-09-23,Generator,East,PlantA,86.87,0.14,0.06
2024-09-24,Compressor,West,PlantB,77.58,3.6,0.38
2024-09-24,Pump,South,PlantB,65.38,1.67,0.84
2024-09-24,Conveyor,East,PlantB,65.74,2.56,0.11
2024-09-24,Boiler,North,PlantB,90.02,0.17,0.48
2024-09-24,Generator,North,PlantB,68.9,1.78,0.01
2024-09-25,Compressor,East,PlantC,96.95,3.46,0.56
2024-09-25,Pump,South,PlantC,95.72,4.67,0.58
2024-09-25,Conveyor,North,PlantA,61.9,1.9,0.33
2024-09-25,Boiler,West,PlantB,93.17,2.41,0.66
2024-09-25,Generator,East,PlantC,78.16,4.7,0.12
2024-09-26,Compressor,West,PlantA,74.33,0.14,0.75
2024-09-26,Pump,South,PlantC,89.62,2.3,0.57
2024-09-26,Conveyor,North,PlantC,64.26,1.92,0.37
2024-09-26,Boiler,East,PlantA,98.42,1.36,0.08
2024-09-26,Generator,West,PlantC,76.49,4.38,0.85
2024-09-27,Compressor,West,PlantC,68.13,4.8,0.26
2024-09-27,Pump,North,PlantB,96.48,2.33,0.96
2024-09-27,Conveyor,West,PlantB,76.26,3.58,0.15
2024-09-27,Boiler,North,PlantA,60.39,0.7,0.01
2024-09-27,Generator,West,PlantC,65.7,1.4,0.37
2024-09-28,Compressor,North,PlantB,73.43,4.38,0.22
2024-09-28,Pump,West,PlantA,93.64,3.69,0.47
2024-09-28,Conveyor,West,PlantA,77.55,4.86,0.72
2024-09-28,Boiler,East,PlantB,79.95,3.45,0.17
2024-09-28,Generator,West,PlantC,90.32,3.63,0.63
2024-09-29,Compressor,West,PlantA,63.72,3.88,0.75
2024-09-29,Pump,North,PlantC,71.57,4.96,0.32
2024-09-29,Conveyor,East,PlantC,61.27,1.14,0.77
2024-09-29,Boiler,West,PlantA,74.14,2.25,0.16
2024-09-29,Generator,North,PlantC,79.41,1.56,0.98
2024-09-30,Compressor,South,PlantA,80.73,0.71,0.06
2024-09-30,Pump,North,PlantB,65.46,4.65,0.48
2024-09-30,Conveyor,North,PlantA,96.41,4.96,0.76
2024-09-30,Boiler,East,PlantB,69.81,0.27,0.61
2024-09-30,Generator,North,PlantC,91.83,3.81,0.97
2024-10-01,Compressor,South,PlantC,95.26,4.13,0.54
2024-10-01,Pump,South,PlantA,81.98,1.17,0.38
2024-10-01,Conveyor,South,PlantA,67.94,2.5,0.06
2024-10-01,Boiler,East,PlantA,74.3,2.0,0.48
2024-10-01,Generator,West,PlantA,63.75,0.9,0.71
2024-10-02,Compressor,East,PlantA,60.44,3.21,0.48
2024-10-02,Pump,West,PlantB,70.59,1.03,0.46
2024-10-02,Conveyor,North,PlantB,71.09,4.16,0.8
2024-10-02,Boiler,North,PlantB,99.56,2.14,0.69
2024-10-02,Generator,East,PlantC,86.21,3.15,0.49
2024-10-03,Compressor,West,PlantB,87.87,2.73,0.61
2024-10-03,Pump,West,PlantB,72.67,0.1,0.8
2024-10-03,Conveyor,East,PlantA,76.89,2.05,0.56
2024-10-03,Boiler,North,PlantC,63.08,0.33,0.84
2024-10-03,Generator,East,PlantA,98.15,4.11,0.97
2024-10-04,Compressor,South,PlantC,66.72,0.5,0.09
2024-10-04,Pump,East,PlantB,80.49,1.49,0.11
2024-10-04,Conveyor,West,PlantC,85.89,0.35,0.25
2024-10-04,Boiler,North,PlantC,80.09,0.87,0.79
2024-10-04,Generator,North,PlantC,90.0,1.69,0.02
2024-10-05,Compressor,East,PlantC,78.34,4.93,0.17
2024-10-05,Pump,South,PlantC,98.78,0.14,0.01
2024-10-05,Conveyor,North,PlantB,88.11,1.26,0.31
2024-10-05,Boiler,South,PlantB,74.56,3.3,0.12
2024-10-05,Generator,North,PlantC,91.98,2.79,0.63
2024-10-06,Compressor,East,PlantB,96.96,0.64,0.37
2024-10-06,Pump,South,PlantB,74.88,0.43,0.52
2024-10-06,Conveyor,East,PlantB,91.04,3.47,0.22
2024-10-06,Boiler,East,PlantA,93.84,2.06,0.05
2024-10-06,Generator,West,PlantA,90.5,0.66,0.96
2024-10-07,Compressor,West,PlantA,64.19,3.55,0.68
2024-10-07,Pump,South,PlantC,77.25,2.91,0.53
2024-10-07,Conveyor,South,PlantB,67.83,4.19,0.09
2024-10-07,Boiler,West,PlantA,70.36,1.68,0.93
2024-10-07,Generator,East,PlantB,63.01,0.94,0.03
2024-10-08,Compressor,South,PlantC,98.37,4.88,0.53
2024-10-08,Pump,West,PlantC,95.92,2.36,0.48
2024-10-08,Conveyor,North,PlantB,95.36,0.6,0.67
2024-10-08,Boiler,South,PlantC,90.03,3.23,0.18
2024-10-08,Generator,South,PlantB,76.33,4.0,0.23
2024-10-09,Compressor,East,PlantB,85.66,4.79,0.14
2024-10-09,Pump,South,PlantA,76.86,3.82,0.79
2024-10-09,Conveyor,West,PlantC,88.36,3.47,0.95
2024-10-09,Boiler,East,PlantA,99.82,3.48,0.94
2024-10-09,Generator,East,PlantA,88.09,4.82,0.06
2024-10-10,Compressor,South,PlantC,66.23,4.02,0.65
2024-10-10,Pump,South,PlantB,85.52,1.69,0.77
2024-10-10,Conveyor,North,PlantB,74.07,3.86,0.67
2024-10-10,Boiler,West,PlantB,75.01,3.1,0.55
2024-10-10,Generator,West,PlantB,79.67,4.36,0.73
2024-10-11,Compressor,East,PlantC,97.93,1.01,0.5
2024-10-11,Pump,North,PlantA,61.98,1.14,0.02
2024-10-11,Conveyor,South,PlantB,71.37,4.72,0.77
2024-10-11,Boiler,South,PlantC,77.21,4.02,0.64
2024-10-11,Generator,East,PlantB,85.4,2.42,0.28
2024-10-12,Compressor,South,PlantB,90.98,2.97,0.51
2024-10-12,Pump,South,PlantA,94.49,3.14,0.38
2024-10-12,Conveyor,North,PlantB,89.71,0.67,1.0
2024-10-12,Boiler,East,PlantA,76.29,1.39,0.52
2024-10-12,Generator,North,PlantC,69.9,1.84,0.11
2024-10-13,Compressor,North,PlantB,98.36,4.98,0.15
2024-10-13,Pump,North,PlantC,95.04,3.34,0.08
2024-10-13,Conveyor,East,PlantA,60.28,1.48,0.55
2024-10-13,Boiler,North,PlantA,64.13,3.91,0.21
2024-10-13,Generator,East,PlantC,88.23,4.53,0.61
2024-10-14,Compressor,North,PlantB,72.23,3.76,0.96
2024-10-14,Pump,West,PlantC,91.61,2.76,0.58
2024-10-14,Conveyor,North,PlantA,88.78,3.71,0.12
2024-10-14,Boiler,South,PlantB,73.33,0.49,0.82
2024-10-14,Generator,North,PlantA,88.19,1.88,0.4
2024-10-15,Compressor,East,PlantB,91.33,0.18,0.1
2024-10-15,Pump,East,PlantC,66.02,4.56,0.1
2024-10-15,Conveyor,East,PlantB,93.7,4.01,0.36
2024-10-15,Boiler,East,PlantC,74.42,1.97,0.82
2024-10-15,Generator,North,PlantC,91.0,1.2,0.98
2024-10-16,Compressor,West,PlantC,99.07,0.93,0.5
2024-10-16,Pump,North,PlantA,92.61,1.91,0.42
2024-10-16,Conveyor,South,PlantA,98.39,2.47,0.48
2024-10-16,Boiler,North,PlantC,70.71,2.0,0.29
2024-10-16,Generator,North,PlantB,81.67,2.11,0.0
2024-10-17,Compressor,South,PlantB,82.99,3.47,0.2
2024-10-17,Pump,West,PlantC,73.81,0.52,0.31
2024-10-17,Conveyor,South,PlantA,85.78,1.71,0.39
2024-10-17,Boiler,West,PlantC,94.46,1.46,0.41
2024-10-17,Generator,West,PlantB,89.01,2.67,0.73
2024-10-18,Compressor,North,PlantB,77.48,0.8,0.32
2024-10-18,Pump,South,PlantB,63.78,1.68,0.74
2024-10-18,Conveyor,West,PlantB,62.72,2.91,0.68
2024-10-18,Boiler,South,PlantA,94.06,2.41,0.99
2024-10-18,Generator,East,PlantA,65.88,3.79,0.07
2024-10-19,Compressor,West,PlantB,80.55,4.0,0.51
2024-10-19,Pump,East,PlantA,71.94,1.19,0.05
2024-10-19,Conveyor,East,PlantA,66.06,2.37,0.57
2024-10-19,Boiler,North,PlantB,60.8,3.92,0.87
2024-10-19,Generator,North,PlantB,87.43,1.65,1.0
2024-10-20,Compressor,West,PlantB,97.2,1.81,0.43
2024-10-20,Pump,North,PlantC,80.03,1.76,0.53
2024-10-20,Conveyor,West,PlantA,79.27,4.1,0.48
2024-10-20,Boiler,South,PlantA,89.2,1.33,0.61
2024-10-20,Generator,East,PlantA,87.35,1.06,0.95
2024-10-21,Compressor,North,PlantC,91.94,4.66,0.8
2024-10-21,Pump,West,PlantA,75.43,0.79,0.73
2024-10-21,Conveyor,South,PlantB,78.06,2.42,0.41
2024-10-21,Boiler,East,PlantA,70.89,4.83,0.06
2024-10-21,Generator,North,PlantC,77.51,4.72,0.18
2024-10-22,Compressor,West,PlantC,96.3,2.13,0.58
2024-10-22,Pump,North,PlantC,92.63,2.38,0.9
2024-10-22,Conveyor,East,PlantA,88.21,1.53,0.28
2024-10-22,Boiler,North,PlantB,91.42,3.68,0.98
2024-10-22,Generator,South,PlantA,83.2,0.92,0.23
2024-10-23,Compressor,South,PlantB,99.37,1.68,0.54
2024-10-23,Pump,West,PlantC,81.61,1.48,0.98
2024-10-23,Conveyor,West,PlantA,82.91,2.73,0.4
2024-10-23,Boiler,North,PlantB,79.68,2.33,0.47
2024-10-23,Generator,West,PlantA,66.43,3.57,0.87
2024-10-24,Compressor,West,PlantC,74.39,2.28,0.55
2024-10-24,Pump,North,PlantA,73.14,3.14,0.07
2024-10-24,Conveyor,West,PlantC,67.99,1.35,0.1
2024-10-24,Boiler,West,PlantA,98.96,0.86,0.92
2024-10-24,Generator,North,PlantB,85.7,2.49,0.18
2024-10-25,Compressor,North,PlantA,91.66,0.49,0.83
2024-10-25,Pump,West,PlantB,77.5,3.67,0.72
2024-10-25,Conveyor,West,PlantB,63.71,4.29,0.46
2024-10-25,Boiler,West,PlantC,93.14,1.47,0.72
2024-10-25,Generator,East,PlantB,84.11,4.91,0.37
2024-10-26,Compressor,West,PlantB,86.36,2.01,0.78
2024-10-26,Pump,East,PlantB,89.87,4.0,0.43
2024-10-26,Conveyor,East,PlantB,63.33,0.74,0.96
2024-10-26,Boiler,East,PlantA,64.77,1.84,0.67
2024-10-26,Generator,East,PlantB,98.6,1.01,0.67
2024-10-27,Compressor,West,PlantB,89.94,3.96,0.79
2024-10-27,Pump,North,PlantA,73.2,0.89,0.61
2024-10-27,Conveyor,West,PlantA,61.43,4.77,0.85
2024-10-27,Boiler,South,PlantB,84.08,0.48,0.29
2024-10-27,Generator,East,PlantC,63.61,3.63,0.65
2024-10-28,Compressor,South,PlantC,88.38,1.03,0.26
2024-10-28,Pump,East,PlantC,92.81,1.8,0.36
2024-10-28,Conveyor,West,PlantA,84.26,1.85,0.96
2024-10-28,Boiler,West,PlantB,87.09,4.92,0.65
2024-10-28,Generator,West,PlantC,82.61,1.06,0.36
2024-10-29,Compressor,North,PlantB,62.08,2.66,0.51
2024-10-29,Pump,North,PlantA,81.6,1.34,0.71
2024-10-29,Conveyor,North,PlantC,85.61,3.15,0.82
2024-10-29,Boiler,East,PlantC,66.0,1.53,0.73
2024-10-29,Generator,West,PlantA,91.71,1.44,0.85
2024-10-30,Compressor,East,PlantC,82.58,0.28,0.36
2024-10-30,Pump,South,PlantA,96.38,2.87,0.6
2024-10-30,Conveyor,West,PlantA,93.68,3.8,0.79
2024-10-30,Boiler,North,PlantA,69.32,4.37,0.2
2024-10-30,Generator,West,PlantC,83.54,3.09,0.06
2024-10-31,Compressor,South,PlantB,84.34,3.88,0.02
2024-10-31,Pump,South,PlantC,86.63,0.45,0.98
2024-10-31,Conveyor,North,PlantC,92.91,1.87,0.72
2024-10-31,Boiler,North,PlantA,67.82,2.95,0.28
2024-10-31,Generator,East,PlantB,68.19,1.76,0.51
2024-11-01,Compressor,South,PlantC,64.34,3.58,0.39
2024-11-01,Pump,South,PlantB,85.51,2.82,0.63
2024-11-01,Conveyor,West,PlantB,66.35,0.76,0.46
2024-11-01,Boiler,North,PlantC,76.71,1.6,0.43
2024-11-01,Generator,South,PlantA,91.56,3.46,0.95
2024-11-02,Compressor,West,PlantC,62.49,4.82,0.96
2024-11-02,Pump,North,PlantC,64.1,1.88,0.89
2024-11-02,Conveyor,North,PlantA,94.24,4.84,0.9
2024-11-02,Boiler,East,PlantC,76.55,0.11,0.58
2024-11-02,Generator,West,PlantC,83.13,4.38,0.51
2024-11-03,Compressor,East,PlantC,72.41,1.05,0.81
2024-11-03,Pump,East,PlantB,93.59,3.61,0.25
2024-11-03,Conveyor,East,PlantA,87.65,1.44,0.91
2024-11-03,Boiler,East,PlantC,99.78,4.6,1.0
2024-11-03,Generator,North,PlantA,61.81,0.14,0.03
2024-11-04,Compressor,South,PlantC,60.9,3.56,0.51
2024-11-04,Pump,North,PlantC,91.75,4.34,0.46
2024-11-04,Conveyor,North,PlantA,85.35,4.37,0.87
2024-11-04,Boiler,North,PlantC,98.21,3.3,0.53
2024-11-04,Generator,North,PlantA,97.59,1.87,0.72
2024-11-05,Compressor,North,PlantB,96.27,0.1,0.4
2024-11-05,Pump,West,PlantB,86.22,3.38,0.43
2024-11-05,Conveyor,East,PlantC,90.95,1.94,0.14
2024-11-05,Boiler,North,PlantA,73.11,2.07,0.51
2024-11-05,Generator,West,PlantB,90.67,2.61,0.54
2024-11-06,Compressor,North,PlantC,64.98,0.72,0.35
2024-11-06,Pump,West,PlantA,97.92,4.15,0.49
2024-11-06,Conveyor,North,PlantA,76.1,0.69,0.39
2024-11-06,Boiler,West,PlantB,93.44,3.59,0.2
2024-11-06,Generator,South,PlantB,76.43,3.53,0.25
2024-11-07,Compressor,East,PlantA,70.03,4.16,0.27
2024-11-07,Pump,South,PlantA,62.06,3.54,0.14
2024-11-07,Conveyor,South,PlantC,71.53,1.42,0.5
2024-11-07,Boiler,West,PlantB,88.21,3.44,0.36
2024-11-07,Generator,South,PlantC,92.9,2.44,0.86
2024-11-08,Compressor,West,PlantC,76.46,0.76,0.07
2024-11-08,Pump,South,PlantB,60.29,2.64,0.01
2024-11-08,Conveyor,West,PlantA,99.44,1.71,0.53
2024-11-08,Boiler,South,PlantB,70.1,3.32,0.4
2024-11-08,Generator,South,PlantC,84.48,2.19,0.55
2024-11-09,Compressor,North,PlantC,86.45,1.36,0.55
2024-11-09,Pump,South,PlantB,76.56,0.94,0.45
2024-11-09,Conveyor,West,PlantA,92.79,4.26,0.68
2024-11-09,Boiler,West,PlantB,60.42,2.61,0.67
2024-11-09,Generator,South,PlantC,80.09,2.22,0.47
2024-11-10,Compressor,North,PlantA,78.4,0.38,0.98
2024-11-10,Pump,West,PlantC,63.68,1.33,0.48
2024-11-10,Conveyor,North,PlantB,69.42,2.49,0.12
2024-11-10,Boiler,North,PlantB,68.45,2.31,0.58
2024-11-10,Generator,South,PlantA,82.68,0.88,0.74
2024-11-11,Compressor,East,PlantC,80.55,0.91,0.49
2024-11-11,Pump,East,PlantB,60.16,3.62,0.88
2024-11-11,Conveyor,North,PlantC,95.24,1.66,0.57
2024-11-11,Boiler,South,PlantA,74.45,4.53,0.26
2024-11-11,Generator,West,PlantC,91.09,2.81,0.77
2024-11-12,Compressor,South,PlantA,81.89,3.64,0.64
2024-11-12,Pump,West,PlantB,88.03,1.41,0.77
2024-11-12,Conveyor,North,PlantC,89.21,4.43,0.18
2024-11-12,Boiler,South,PlantA,98.07,2.54,0.84
2024-11-12,Generator,West,PlantC,85.93,1.51,0.86
2024-11-13,Compressor,West,PlantC,83.31,1.17,0.9
2024-11-13,Pump,East,PlantB,89.92,1.07,0.48
2024-11-13,Conveyor,North,PlantB,99.76,3.7,0.68
2024-11-13,Boiler,West,PlantB,82.28,1.16,0.95
2024-11-13,Generator,South,PlantB,60.33,3.85,0.39
2024-11-14,Compressor,North,PlantC,72.64,3.35,0.69
2024-11-14,Pump,East,PlantB,65.2,0.72,0.18
2024-11-14,Conveyor,South,PlantB,60.79,1.25,0.4
2024-11-14,Boiler,East,PlantC,82.55,4.38,0.16
2024-11-14,Generator,North,PlantB,66.1,3.11,0.01
2024-11-15,Compressor,West,PlantC,79.81,4.5,0.18
2024-11-15,Pump,West,PlantC,79.83,3.44,0.27
2024-11-15,Conveyor,North,PlantA,64.96,1.85,0.34
2024-11-15,Boiler,West,PlantB,90.62,1.22,0.08
2024-11-15,Generator,West,PlantC,64.99,0.34,0.72
2024-11-16,Compressor,South,PlantC,97.11,0.85,0.41
2024-11-16,Pump,East,PlantB,73.3,0.55,0.95
2024-11-16,Conveyor,West,PlantC,86.2,4.7,0.66
2024-11-16,Boiler,East,PlantB,71.93,1.37,0.49
2024-11-16,Generator,East,PlantA,68.15,2.85,0.03
2024-11-17,Compressor,West,PlantC,75.94,2.33,0.06
2024-11-17,Pump,East,PlantC,83.25,3.9,0.74
2024-11-17,Conveyor,North,PlantC,77.32,3.31,0.69
2024-11-17,Boiler,North,PlantC,79.46,3.69,0.57
2024-11-17,Generator,North,PlantA,64.12,1.05,0.17
2024-11-18,Compressor,West,PlantB,62.93,1.81,0.54
2024-11-18,Pump,East,PlantA,79.47,2.73,0.15
2024-11-18,Conveyor,West,PlantC,99.71,1.76,0.66
2024-11-18,Boiler,West,PlantB,80.86,1.75,0.25
2024-11-18,Generator,North,PlantA,91.02,3.15,0.6
2024-11-19,Compressor,North,PlantA,94.74,3.7,0.86
2024-11-19,Pump,West,PlantA,99.95,0.22,0.57
2024-11-19,Conveyor,South,PlantB,61.55,0.45,0.64
2024-11-19,Boiler,West,PlantC,74.94,3.24,0.37
2024-11-19,Generator,North,PlantC,83.68,1.69,0.24
2024-11-20,Compressor,North,PlantA,65.87,1.55,0.03
2024-11-20,Pump,West,PlantA,73.65,1.8,0.14
2024-11-20,Conveyor,West,PlantC,85.15,2.15,0.68
2024-11-20,Boiler,North,PlantB,85.55,1.39,0.93
2024-11-20,Generator,West,PlantC,99.05,3.36,0.61
2024-11-21,Compressor,South,PlantC,65.89,2.22,0.24
2024-11-21,Pump,East,PlantA,74.13,1.65,0.11
2024-11-21,Conveyor,East,PlantC,65.42,3.02,0.49
2024-11-21,Boiler,North,PlantC,78.98,1.95,0.22
2024-11-21,Generator,North,PlantC,73.48,2.91,0.67
2024-11-22,Compressor,South,PlantC,90.8,2.3,0.83
2024-11-22,Pump,West,PlantC,73.4,3.36,0.13
2024-11-22,Conveyor,East,PlantC,86.83,2.82,0.34
2024-11-22,Boiler,West,PlantC,78.23,4.19,0.64
2024-11-22,Generator,North,PlantA,67.13,4.72,0.82
2024-11-23,Compressor,West,PlantA,83.18,2.02,0.73
2024-11-23,Pump,West,PlantB,88.83,1.64,0.39
2024-11-23,Conveyor,West,PlantC,77.27,4.48,0.21
2024-11-23,Boiler,West,PlantA,71.92,2.65,0.72
2024-11-23,Generator,East,PlantC,70.11,4.28,0.5
2024-11-24,Compressor,North,PlantB,65.02,3.22,0.3
2024-11-24,Pump,West,PlantC,93.56,2.0,0.1
2024-11-24,Conveyor,South,PlantB,63.98,0.34,0.68
2024-11-24,Boiler,East,PlantB,82.39,0.8,0.06
2024-11-24,Generator,South,PlantA,60.49,1.62,0.29
2024-11-25,Compressor,South,PlantC,81.74,2.76,0.38
2024-11-25,Pump,East,PlantB,85.31,1.21,0.13
2024-11-25,Conveyor,North,PlantC,64.98,1.44,0.55
2024-11-25,Boiler,South,PlantA,64.01,3.87,0.95
2024-11-25,Generator,South,PlantB,61.93,0.67,0.71
2024-11-26,Compressor,East,PlantB,70.56,4.64,0.71
2024-11-26,Pump,North,PlantA,71.94,2.45,0.52
2024-11-26,Conveyor,South,PlantC,81.52,1.21,0.43
2024-11-26,Boiler,West,PlantA,72.06,2.73,0.76
2024-11-26,Generator,West,PlantA,76.79,3.75,0.31
2024-11-27,Compressor,South,PlantC,82.09,4.61,0.49
2024-11-27,Pump,South,PlantC,68.14,0.22,0.85
2024-11-27,Conveyor,South,PlantC,88.76,1.44,0.7
2024-11-27,Boiler,East,PlantA,73.94,4.5,0.92
2024-11-27,Generator,South,PlantA,80.21,1.66,0.75
2024-11-28,Compressor,South,PlantC,88.14,3.63,0.21
2024-11-28,Pump,East,PlantB,76.77,1.22,0.72
2024-11-28,Conveyor,East,PlantB,73.69,1.13,0.78
2024-11-28,Boiler,North,PlantC,90.7,4.24,0.55
2024-11-28,Generator,West,PlantB,71.05,4.94,0.87
2024-11-29,Compressor,North,PlantC,77.06,2.47,0.5
2024-11-29,Pump,North,PlantC,64.12,2.58,0.43
2024-11-29,Conveyor,North,PlantA,60.55,3.82,0.22
2024-11-29,Boiler,South,PlantC,82.2,0.5,0.25
2024-11-29,Generator,West,PlantA,86.38,0.46,0.58
2024-11-30,Compressor,West,PlantA,82.55,3.71,0.93
2024-11-30,Pump,North,PlantC,71.68,3.76,0.64
2024-11-30,Conveyor,South,PlantC,97.03,3.28,0.43
2024-11-30,Boiler,North,PlantC,66.6,4.02,0.18
2024-11-30,Generator,East,PlantA,85.59,1.39,0.6
2024-12-01,Compressor,East,PlantC,93.7,2.77,0.72
2024-12-01,Pump,South,PlantB,80.53,2.38,0.71
2024-12-01,Conveyor,East,PlantB,85.94,2.22,0.34
2024-12-01,Boiler,North,PlantB,63.51,1.2,0.91
2024-12-01,Generator,East,PlantC,92.42,0.54,0.25
2024-12-02,Compressor,East,PlantC,93.54,0.91,0.71
2024-12-02,Pump,East,PlantB,80.19,2.88,0.44
2024-12-02,Conveyor,South,PlantA,88.03,2.13,0.91
2024-12-02,Boiler,West,PlantA,89.75,4.99,0.66
2024-12-02,Generator,South,PlantB,64.26,3.83,0.46
2024-12-03,Compressor,West,PlantA,81.48,3.88,0.2
2024-12-03,Pump,East,PlantA,97.9,4.86,0.49
2024-12-03,Conveyor,North,PlantC,85.47,0.56,0.32
2024-12-03,Boiler,North,PlantA,93.27,2.58,0.37
2024-12-03,Generator,South,PlantB,83.15,4.92,0.76
2024-12-04,Compressor,South,PlantC,66.52,4.43,0.43
2024-12-04,Pump,East,PlantB,64.24,0.79,0.92
2024-12-04,Conveyor,North,PlantB,94.13,2.5,0.32
2024-12-04,Boiler,East,PlantA,71.26,4.31,0.4
2024-12-04,Generator,South,PlantB,86.18,3.54,0.87
2024-12-05,Compressor,West,PlantC,70.09,2.52,0.6
2024-12-05,Pump,South,PlantA,89.76,4.52,0.22
2024-12-05,Conveyor,East,PlantB,83.3,4.87,0.42
2024-12-05,Boiler,West,PlantA,61.41,1.52,0.68
2024-12-05,Generator,South,PlantA,94.07,2.84,0.13
2024-12-06,Compressor,South,PlantC,90.19,4.34,0.81
2024-12-06,Pump,East,PlantC,67.8,1.36,0.07
2024-12-06,Conveyor,West,PlantA,65.5,3.88,0.24
2024-12-06,Boiler,North,PlantA,97.3,0.29,0.17
2024-12-06,Generator,East,PlantA,77.67,1.45,0.8
2024-12-07,Compressor,North,PlantA,80.52,2.11,0.39
2024-12-07,Pump,West,PlantA,92.57,1.3,0.54
2024-12-07,Conveyor,West,PlantC,65.53,1.4,0.96
2024-12-07,Boiler,East,PlantA,92.01,4.13,0.45
2024-12-07,Generator,East,PlantB,65.78,0.21,0.92
2024-12-08,Compressor,West,PlantA,70.56,3.73,0.16
2024-12-08,Pump,East,PlantC,95.04,4.64,0.93
2024-12-08,Conveyor,North,PlantB,74.28,2.49,0.36
2024-12-08,Boiler,North,PlantC,89.74,0.61,0.33
2024-12-08,Generator,West,PlantA,76.88,4.35,0.26
2024-12-09,Compressor,South,PlantA,82.64,4.46,0.97
2024-12-09,Pump,North,PlantA,79.92,1.92,0.93
2024-12-09,Conveyor,West,PlantA,97.61,0.46,0.2
2024-12-09,Boiler,North,PlantC,75.66,1.14,0.41
2024-12-09,Generator,West,PlantA,98.85,2.97,0.87
2024-12-10,Compressor,East,PlantB,99.53,3.54,0.46
2024-12-10,Pump,North,PlantA,68.81,1.15,0.73
2024-12-10,Conveyor,West,PlantC,80.39,2.38,0.76
2024-12-10,Boiler,West,PlantC,71.52,2.91,0.34
2024-12-10,Generator,South,PlantB,81.62,1.26,0.0
2024-12-11,Compressor,North,PlantC,94.61,0.38,0.66
2024-12-11,Pump,South,PlantB,64.13,1.76,0.52
2024-12-11,Conveyor,East,PlantA,92.33,3.83,0.5
2024-12-11,Boiler,West,PlantA,64.24,1.64,0.67
2024-12-11,Generator,North,PlantB,71.39,3.63,0.99
2024-12-12,Compressor,South,PlantB,84.3,2.93,0.85
2024-12-12,Pump,West,PlantB,94.42,1.68,0.61
2024-12-12,Conveyor,North,PlantA,98.91,3.48,0.49
2024-12-12,Boiler,West,PlantC,71.96,1.28,0.3
2024-12-12,Generator,East,PlantA,94.21,2.68,0.52
2024-12-13,Compressor,West,PlantA,64.9,4.15,0.97
2024-12-13,Pump,West,PlantB,83.9,2.78,0.99
2024-12-13,Conveyor,North,PlantB,88.83,3.78,0.77
2024-12-13,Boiler,East,PlantB,93.83,3.45,0.45
2024-12-13,Generator,West,PlantC,74.72,4.05,0.84
2024-12-14,Compressor,West,PlantC,90.92,3.83,0.7
2024-12-14,Pump,West,PlantC,81.49,1.9,0.44
2024-12-14,Conveyor,South,PlantA,98.41,4.48,0.68
2024-12-14,Boiler,West,PlantA,94.75,0.53,0.61
2024-12-14,Generator,South,PlantA,80.6,4.45,0.41
2024-12-15,Compressor,North,PlantA,80.14,4.86,0.56
2024-12-15,Pump,North,PlantB,79.04,0.67,0.57
2024-12-15,Conveyor,East,PlantA,64.7,4.78,0.55
2024-12-15,Boiler,South,PlantC,69.12,0.98,0.66
2024-12-15,Generator,East,PlantB,91.82,4.6,0.49
2024-12-16,Compressor,West,PlantB,68.3,0.27,0.05
2024-12-16,Pump,East,PlantB,70.58,2.22,0.58
2024-12-16,Conveyor,South,PlantA,80.01,0.92,0.24
2024-12-16,Boiler,North,PlantC,72.55,0.52,0.76
2024-12-16,Generator,North,PlantB,66.43,3.03,0.47
2024-12-17,Compressor,East,PlantA,75.47,1.73,0.85
2024-12-17,Pump,North,PlantA,77.51,0.97,0.11
2024-12-17,Conveyor,East,PlantA,62.08,1.8,0.44
2024-12-17,Boiler,North,PlantA,85.23,2.82,0.94
2024-12-17,Generator,West,PlantC,91.94,1.17,0.37
2024-12-18,Compressor,East,PlantC,97.3,3.11,0.98
2024-12-18,Pump,East,PlantB,90.17,4.67,0.04
2024-12-18,Conveyor,East,PlantA,84.48,2.45,0.63
2024-12-18,Boiler,East,PlantB,84.59,2.24,0.93
2024-12-18,Generator,West,PlantB,72.08,1.72,0.72
2024-12-19,Compressor,North,PlantA,76.4,3.23,0.51
2024-12-19,Pump,East,PlantC,91.49,2.79,0.18
2024-12-19,Conveyor,East,PlantC,81.37,0.26,0.75
2024-12-19,Boiler,North,PlantB,86.29,2.78,0.52
2024-12-19,Generator,South,PlantA,63.72,2.41,0.48
2024-12-20,Compressor,West,PlantA,96.89,3.3,0.5
2024-12-20,Pump,North,PlantA,69.78,3.94,0.41
2024-12-20,Conveyor,North,PlantC,66.29,2.69,0.14
2024-12-20,Boiler,West,PlantC,76.53,0.22,0.71
2024-12-20,Generator,East,PlantB,82.85,0.82,0.82
2024-12-21,Compressor,South,PlantB,89.33,0.37,0.52
2024-12-21,Pump,South,PlantC,60.99,1.74,0.12
2024-12-21,Conveyor,East,PlantB,79.95,3.55,0.78
2024-12-21,Boiler,West,PlantB,69.46,0.42,0.49
2024-12-21,Generator,North,PlantB,60.94,4.86,1.0
2024-12-22,Compressor,North,PlantA,82.78,4.1,0.88
2024-12-22,Pump,East,PlantA,78.38,3.44,0.05
2024-12-22,Conveyor,South,PlantC,60.96,4.57,0.37
2024-12-22,Boiler,East,PlantC,94.37,2.73,0.55
2024-12-22,Generator,East,PlantC,60.49,1.77,0.7
2024-12-23,Compressor,South,PlantA,81.02,4.13,0.77
2024-12-23,Pump,West,PlantA,81.82,1.67,0.28
2024-12-23,Conveyor,South,PlantC,83.42,2.37,0.11
2024-12-23,Boiler,South,PlantA,80.53,0.68,0.27
2024-12-23,Generator,North,PlantB,73.92,0.47,0.45
2024-12-24,Compressor,South,PlantA,85.3,2.92,0.75
2024-12-24,Pump,East,PlantC,96.07,1.45,0.12
2024-12-24,Conveyor,East,PlantB,89.43,4.72,0.32
2024-12-24,Boiler,East,PlantA,86.45,2.47,0.51
2024-12-24,Generator,North,PlantA,66.62,2.23,0.32
2024-12-25,Compressor,South,PlantB,83.97,3.81,0.42
2024-12-25,Pump,South,PlantC,97.34,1.54,0.91
2024-12-25,Conveyor,West,PlantB,75.39,2.14,0.46
2024-12-25,Boiler,East,PlantC,61.04,1.86,0.07
2024-12-25,Generator,East,PlantB,73.85,1.62,0.38
2024-12-26,Compressor,West,PlantB,83.1,0.94,0.59
2024-12-26,Pump,East,PlantC,71.67,4.88,0.47
2024-12-26,Conveyor,East,PlantB,83.45,3.83,0.33
2024-12-26,Boiler,South,PlantA,70.87,4.55,0.89
2024-12-26,Generator,East,PlantC,87.33,3.7,0.51
2024-12-27,Compressor,South,PlantC,96.58,1.47,0.82
2024-12-27,Pump,West,PlantB,82.71,3.44,0.19
2024-12-27,Conveyor,South,PlantC,72.22,3.09,0.83
2024-12-27,Boiler,North,PlantB,69.18,1.7,0.24
2024-12-27,Generator,West,PlantA,95.01,0.15,0.8
2024-12-28,Compressor,South,PlantC,86.85,1.75,0.74
2024-12-28,Pump,West,PlantA,66.2,4.12,0.36
2024-12-28,Conveyor,West,PlantA,93.24,0.22,0.98
2024-12-28,Boiler,South,PlantA,83.36,0.77,0.04
2024-12-28,Generator,West,PlantC,92.14,0.36,0.09
2024-12-29,Compressor,North,PlantC,99.26,0.53,0.6
2024-12-29,Pump,North,PlantA,76.56,2.28,0.52
2024-12-29,Conveyor,East,PlantC,96.72,2.48,0.4
2024-12-29,Boiler,West,PlantB,64.92,4.64,0.06
2024-12-29,Generator,North,PlantA,94.0,1.58,0.98
2024-12-30,Compressor,South,PlantC,90.79,2.71,0.67
2024-12-30,Pump,East,PlantC,64.95,3.06,0.53
2024-12-30,Conveyor,North,PlantB,91.04,2.15,0.93
2024-12-30,Boiler,North,PlantA,81.64,1.57,0.97
2024-12-30,Generator,North,PlantC,87.61,1.83,0.05
2024-12-31,Compressor,West,PlantC,63.33,3.89,0.37
2024-12-31,Pump,East,PlantA,66.85,1.58,0.55
2024-12-31,Conveyor,South,PlantA,78.85,1.77,0.8
2024-12-31,Boiler,North,PlantA,94.35,3.32,0.11
2024-12-31,Generator,North,PlantA,80.85,1.49,0.93
